casual,registered
7,253
14,212
10,68
5,15
24,103
184,315
12,105
59,253
61,174
7,165
6,76
2,168
37,216
30,121
0,9
37,150
4,26
19,538
4,84
14,109
11,244
57,288
1,6
21,75
5,83
119,567
3,6
42,111
125,191
3,53
58,246
0,13
0,53
52,172
156,275
178,326
0,20
43,600
1,16
80,426
1,15
5,20
4,6
14,122
4,117
11,32
28,286
161,182
99,758
23,135
19,220
0,3
47,691
57,218
85,472
51,137
1,7
24,329
163,296
13,69
18,153
26,628
17,69
180,246
50,278
56,347
3,14
24,27
66,112
144,325
44,294
101,284
1,51
0,2
89,241
14,16
0,20
29,78
265,373
40,195
10,11
0,3
7,40
195,262
9,79
27,65
1,6
40,149
19,114
79,492
1,10
39,453
53,660
198,346
53,236
41,499
3,59
171,225
8,6
91,183
4,44
14,99
10,85
1,1
62,161
64,161
7,46
51,141
9,440
143,217
53,555
0,4
0,7
16,397
4,75
58,326
27,108
4,24
1,3
16,51
25,199
0,5
0,2
53,189
57,273
0,35
67,349
48,110
4,15
36,429
49,130
31,119
0,1
49,166
41,126
12,90
20,48
5,15
27,139
12,292
73,135
0,22
31,95
129,266
3,75
55,208
3,23
2,30
14,126
5,87
42,295
47,218
26,198
16,135
9,567
52,143
17,178
46,151
24,63
141,146
143,163
11,333
23,148
63,131
98,258
1,2
3,36
1,15
84,152
2,8
0,5
264,309
33,152
2,34
14,198
65,113
1,2
5,30
70,186
65,116
122,263
29,234
157,290
0,13
50,260
76,270
290,245
58,211
79,158
61,156
3,84
21,187
64,165
44,145
175,337
112,774
65,616
42,167
42,438
7,29
41,165
22,104
35,110
82,149
3,9
91,232
30,597
9,33
27,414
14,55
63,125
53,611
28,366
130,252
0,32
0,3
39,165
39,88
58,111
51,158
45,163
0,4
48,251
17,81
30,80
0,3
44,171
2,67
20,134
15,69
12,242
10,52
2,27
367,318
0,3
62,187
5,140
31,161
50,223
26,228
3,29
16,64
100,144
2,1
29,206
40,156
0,31
31,148
3,20
143,328
9,188
7,21
0,5
73,549
41,156
167,300
30,84
2,5
68,429
111,619
222,362
10,235
52,368
12,174
10,50
82,299
0,26
8,187
7,51
8,79
113,646
8,149
49,173
74,156
17,71
24,163
65,345
29,93
30,285
0,4
1,52
7,8
138,196
9,33
2,6
61,104
11,375
17,42
46,176
18,98
22,109
4,174
3,47
55,239
122,150
29,166
0,9
69,233
1,106
198,206
43,117
7,50
95,493
51,150
77,268
73,346
2,12
53,260
4,237
20,106
20,30
5,63
21,214
30,132
1,8
10,76
18,82
0,21
10,161
26,30
25,130
158,247
16,19
0,4
29,115
128,397
3,5
126,176
0,3
8,155
1,15
1,14
0,18
10,46
0,4
8,61
14,125
29,95
99,227
1,4
155,188
10,348
80,527
3,8
3,5
186,188
49,168
90,419
3,89
204,288
8,227
67,163
7,99
4,93
0,1
32,83
0,6
0,4
0,18
18,62
51,130
2,114
9,277
88,227
17,135
6,40
62,156
57,536
10,69
9,37
91,128
321,305
1,68
19,77
15,161
31,170
35,79
78,299
39,138
25,71
132,274
50,216
0,3
4,26
65,198
0,26
6,16
36,556
2,154
65,160
254,349
1,3
1,0
124,254
58,225
0,1
51,166
9,114
35,268
29,133
1,48
26,86
8,132
121,214
8,49
9,58
4,44
213,355
16,514
0,5
36,138
34,128
75,253
16,197
24,120
10,53
51,230
71,283
7,159
8,57
12,539
86,158
50,182
26,94
104,217
20,110
31,126
31,182
9,683
14,55
30,103
20,50
68,128
61,186
28,226
5,24
116,231
3,63
1,4
19,105
26,385
8,13
13,101
0,13
11,549
1,56
8,91
1,19
14,108
1,18
50,356
4,12
27,71
22,60
55,110
0,2
30,323
12,121
10,33
48,156
47,173
35,41
0,1
16,65
70,426
4,200
55,398
9,25
83,143
0,39
52,179
121,226
80,203
101,214
1,1
50,183
31,144
3,62
40,459
5,73
1,50
15,131
25,329
12,45
165,356
22,102
31,674
28,289
3,127
10,73
3,7
2,6
0,1
63,149
0,36
19,210
11,91
1,4
2,9
10,18
11,497
4,135
24,55
34,96
15,172
0,9
0,11
78,557
44,220
17,432
19,608
69,462
26,145
50,286
14,183
3,15
94,273
13,208
3,98
23,78
28,162
20,161
177,289
8,71
87,149
30,680
68,164
40,126
118,208
11,66
95,551
42,141
97,163
1,5
19,92
77,265
36,120
92,141
25,243
1,17
110,767
115,223
27,263
134,319
1,0
40,468
19,89
12,363
23,125
0,18
1,13
1,1
74,132
11,69
37,239
39,259
8,145
0,3
5,147
6,23
3,70
34,584
1,9
113,189
49,141
13,113
6,29
27,105
5,64
12,55
21,242
0,1
11,140
1,3
64,172
53,170
20,147
1,98
1,8
29,176
48,126
4,67
31,91
36,495
25,123
14,78
23,111
56,134
70,376
98,222
9,292
4,13
103,709
13,119
3,15
2,6
94,775
0,18
73,430
3,27
4,33
1,46
34,90
28,424
2,90
91,392
4,90
12,29
0,4
4,49
74,151
2,26
3,9
10,134
146,244
1,7
62,93
3,9
73,253
229,254
2,27
43,138
5,39
240,340
27,151
1,23
10,107
9,192
5,61
66,131
0,84
11,74
2,7
60,245
76,488
14,103
1,5
21,540
90,106
19,185
11,110
70,368
97,259
8,22
73,211
109,229
27,149
1,9
7,40
108,741
8,16
8,123
1,22
5,77
2,8
4,15
44,121
92,207
2,108
208,279
7,145
86,411
102,716
6,2
2,43
26,130
8,104
9,188
17,59
122,201
0,15
4,46
11,57
57,289
7,72
7,43
21,465
42,158
65,174
65,192
27,52
0,5
23,314
1,4
38,94
189,342
64,238
2,145
31,166
20,218
2,23
7,50
7,9
34,197
24,106
122,238
2,67
219,372
63,217
88,188
7,94
20,634
76,240
51,107
39,145
0,13
25,133
122,247
72,137
42,265
35,198
2,36
17,381
1,120
23,186
26,96
10,67
0,8
43,116
25,76
89,376
2,27
1,6
32,169
5,57
20,506
29,180
46,115
24,82
1,1
0,2
186,348
69,210
25,178
107,564
11,368
5,119
58,308
58,106
229,312
5,49
53,171
83,118
38,245
5,14
22,248
0,88
35,77
56,284
127,253
3,18
7,81
20,101
85,233
0,6
133,244
10,151
131,231
44,213
91,592
40,125
32,304
52,160
2,0
71,183
1,44
222,281
13,20
30,156
1,19
0,5
59,98
5,105
38,187
14,79
7,60
2,104
23,106
0,16
34,191
20,437
17,37
19,105
0,90
89,182
0,7
10,52
62,120
0,6
34,113
6,116
20,163
4,8
221,276
20,391
57,259
7,4
0,2
0,23
177,393
61,166
29,189
2,5
28,218
10,652
5,111
5,18
23,91
58,203
36,421
205,156
59,292
1,9
27,259
20,447
90,161
140,152
3,15
151,417
3,49
6,174
5,296
35,160
42,130
22,185
73,200
68,268
72,479
16,534
0,2
16,318
3,59
0,4
26,363
44,253
0,26
19,115
0,2
15,287
4,32
13,11
14,184
15,111
1,17
1,3
7,172
0,5
70,489
12,80
3,9
0,2
23,523
1,3
6,46
22,222
8,129
1,10
5,6
11,21
109,225
22,119
5,8
28,781
4,12
14,31
19,95
0,6
3,88
248,297
18,49
57,116
13,95
9,77
3,130
18,25
3,14
77,414
96,247
73,153
77,210
24,96
20,190
2,80
40,132
10,265
12,96
18,129
124,218
17,313
115,231
124,132
39,359
8,107
2,9
3,20
158,230
5,67
11,211
29,139
7,147
11,129
28,73
1,18
0,3
41,180
0,2
28,152
1,4
30,192
17,313
3,31
40,145
3,68
24,435
36,123
0,17
12,118
9,63
1,3
38,180
0,4
0,9
11,343
11,105
3,92
177,264
5,211
64,360
10,17
5,128
0,7
0,1
19,338
227,304
1,48
5,26
5,18
1,5
3,12
129,188
28,143
85,328
4,44
1,39
8,9
23,214
3,25
55,164
81,388
92,251
9,436
2,39
12,80
16,174
13,228
63,199
6,399
10,408
108,252
78,124
87,114
1,4
39,170
47,157
15,93
4,104
0,5
0,6
1,0
6,31
36,91
32,59
63,142
229,342
4,13
109,184
14,50
1,23
30,62
6,89
11,278
19,53
4,13
76,709
3,182
151,222
39,212
33,125
23,163
2,24
6,62
0,36
74,318
9,498
237,267
50,320
164,327
21,83
2,27
46,165
5,122
101,733
52,161
3,31
3,45
176,247
0,6
12,69
19,346
166,273
0,3
6,39
8,110
3,22
67,196
9,52
1,75
88,240
15,192
28,170
16,50
8,86
34,123
253,298
5,164
56,433
3,111
43,159
123,239
5,57
51,111
3,142
73,485
22,184
9,33
175,268
9,76
40,129
28,125
0,1
57,108
0,20
0,2
50,224
16,217
32,323
2,35
90,282
8,83
1,10
1,2
8,157
88,159
135,405
7,107
0,72
0,4
50,513
34,453
6,14
55,89
99,127
1,6
43,178
217,282
176,204
14,581
88,417
82,99
2,23
192,216
43,770
127,256
148,284
60,151
6,75
36,98
6,19
2,7
5,26
90,149
74,78
181,280
40,475
1,44
33,586
187,176
68,164
178,238
12,104
0,43
5,74
0,1
2,11
15,99
33,396
48,286
19,201
51,170
60,341
79,181
178,365
32,101
28,245
3,10
31,66
19,104
8,122
5,43
29,134
22,78
15,64
4,4
8,124
29,110
28,104
10,95
0,1
8,4
226,338
20,150
27,62
4,29
47,281
103,734
0,4
17,9
34,186
120,108
26,342
11,287
0,1
63,198
2,121
19,99
92,267
47,176
11,115
9,56
226,263
108,523
17,58
7,74
12,134
62,134
80,238
6,141
3,19
26,116
30,231
41,198
15,225
29,215
52,78
41,127
128,203
14,178
33,115
49,209
21,121
13,121
39,153
102,358
27,212
3,126
92,407
39,124
0,1
0,6
0,5
41,111
5,82
27,128
5,13
5,103
3,5
55,168
222,369
8,60
12,66
0,4
35,339
33,117
0,4
34,190
1,19
174,258
26,301
1,19
76,260
2,47
79,154
12,30
91,499
1,4
4,19
12,599
61,161
244,349
21,126
1,158
56,145
3,73
56,153
135,192
9,298
183,254
1,34
59,244
0,12
38,151
0,19
10,65
60,238
18,59
0,148
36,299
19,95
1,1
0,2
0,2
23,311
2,2
4,20
18,93
36,605
14,455
0,14
15,18
33,156
27,227
10,92
9,414
15,155
5,11
62,254
11,102
56,305
21,50
16,368
73,161
31,64
42,178
16,58
170,205
27,174
98,163
29,540
4,42
14,417
8,145
17,402
17,156
2,42
12,101
0,98
5,35
70,480
5,14
22,113
13,242
58,124
0,7
2,20
11,84
256,379
39,193
3,13
4,82
238,257
19,675
38,207
2,27
0,9
33,64
52,187
13,104
160,255
27,711
53,180
16,86
36,127
79,143
57,159
14,51
1,5
195,261
69,302
4,21
19,67
47,189
39,233
2,1
2,89
0,1
56,239
8,97
11,182
59,197
117,262
67,460
3,61
98,369
2,43
1,5
0,6
44,169
2,25
5,98
23,139
48,169
0,5
0,9
4,6
5,121
11,38
25,306
40,100
128,230
6,8
0,1
14,88
197,253
7,79
4,28
50,260
27,46
1,4
0,2
0,1
76,157
7,184
35,179
3,111
31,720
99,570
4,22
7,34
20,297
33,203
46,239
4,223
8,128
31,165
6,29
20,161
5,52
238,227
73,287
0,7
24,85
4,19
10,305
46,224
17,40
1,4
1,26
112,246
38,432
7,41
44,162
33,87
5,56
175,327
66,246
45,159
15,100
8,4
83,529
4,60
298,383
24,134
10,129
46,184
110,229
113,146
8,47
5,108
175,374
11,105
40,121
29,104
0,34
11,38
3,5
1,11
15,31
38,150
91,179
30,298
49,218
57,596
6,63
7,316
2,14
8,55
2,67
2,67
3,12
33,129
1,20
22,133
72,165
4,43
0,4
40,144
1,6
37,166
1,22
122,245
13,110
13,48
9,28
30,162
19,289
28,196
4,102
12,514
2,19
14,81
195,261
23,138
0,4
0,3
0,1
11,21
41,126
63,242
0,15
8,47
20,61
86,362
2,26
0,28
12,73
5,59
11,105
3,219
72,199
76,213
16,53
64,190
21,310
4,108
63,505
68,242
1,1
4,79
25,159
12,45
62,187
48,38
0,35
2,12
4,15
5,18
62,116
91,209
2,12
17,113
157,235
1,32
131,236
108,380
8,43
38,344
5,47
75,149
39,138
13,64
20,188
2,20
13,196
143,278
3,6
0,2
1,24
1,51
0,2
90,737
3,28
0,4
3,41
67,170
3,59
263,230
2,8
55,92
1,10
78,278
8,95
162,245
4,163
11,122
26,97
74,183
69,267
17,57
39,232
45,143
11,71
5,281
40,321
1,11
33,134
56,173
10,87
27,85
8,185
1,4
46,205
72,123
56,181
47,83
4,3
14,346
4,42
78,161
0,2
12,57
5,75
0,2
0,19
104,769
53,255
28,71
1,75
1,3
22,199
6,19
11,203
238,388
11,76
0,6
16,113
21,101
34,459
197,388
0,5
2,12
3,8
1,120
4,56
63,454
204,172
4,91
0,3
20,23
21,131
28,233
52,231
28,69
100,597
110,369
181,279
32,140
13,30
6,27
38,142
30,124
60,172
0,5
88,269
38,589
2,35
0,8
21,100
0,3
38,578
61,580
57,374
38,152
1,4
1,100
6,158
3,114
71,510
6,13
43,120
7,183
3,66
9,35
8,38
17,17
14,2
62,429
1,9
111,230
3,334
21,186
31,241
12,34
244,363
7,150
40,234
4,71
6,69
89,187
22,91
2,87
27,245
102,677
10,422
1,35
32,129
1,8
143,304
42,115
53,115
1,92
13,83
38,677
57,99
6,31
29,88
1,19
0,4
22,77
204,298
12,76
6,49
72,187
1,19
34,258
14,469
21,199
9,50
4,101
42,501
134,270
26,176
137,224
30,644
5,189
4,99
16,87
1,6
86,480
3,22
15,231
28,171
19,126
5,311
0,5
1,6
94,356
64,150
0,6
24,187
55,267
13,71
163,349
1,3
23,472
58,126
64,148
4,52
4,9
84,469
0,9
7,144
0,2
97,167
79,184
1,71
64,388
5,51
51,182
40,230
42,107
0,4
0,1
26,153
125,282
1,15
4,12
186,308
3,16
1,6
203,260
132,228
1,3
43,146
17,131
0,22
67,577
3,56
56,232
1,6
43,121
19,200
39,274
39,546
102,788
54,362
16,101
19,85
4,40
69,208
8,79
4,109
30,167
2,26
4,41
11,488
9,141
60,712
113,371
21,107
4,276
8,26
53,276
20,97
124,239
56,173
35,210
85,483
1,19
29,123
80,535
128,601
27,396
29,238
34,296
63,137
37,132
0,1
28,209
11,64
34,133
124,529
7,4
0,5
232,382
30,135
12,88
3,18
34,66
56,534
19,48
4,73
1,15
3,11
4,113
1,26
70,170
24,103
93,241
35,348
27,364
5,314
145,677
11,25
0,7
27,65
11,31
45,194
240,383
7,190
56,244
38,155
1,5
1,75
46,277
11,41
67,116
4,3
29,146
27,139
4,21
1,37
1,28
1,22
58,79
29,166
5,58
12,49
4,421
292,362
77,260
45,320
0,19
6,23
0,1
61,398
263,358
147,654
48,131
5,15
36,141
21,167
6,52
42,100
4,141
0,10
24,138
20,23
74,499
65,216
80,270
63,176
7,126
0,1
167,349
10,63
0,20
2,7
5,65
4,71
0,2
70,222
22,219
5,162
37,161
38,112
0,2
37,136
149,155
19,26
22,134
7,6
39,253
41,184
17,73
13,191
33,107
68,185
120,225
34,199
24,55
70,104
101,208
267,411
0,8
32,113
11,68
79,222
5,233
59,256
8,24
46,366
2,14
31,154
5,156
8,62
12,156
22,47
59,277
9,523
106,257
65,162
5,59
0,2
1,79
34,263
2,16
196,240
35,165
57,114
28,66
171,341
260,226
20,104
63,493
35,142
8,464
49,135
71,185
253,427
56,180
0,9
93,207
59,130
33,162
8,65
9,55
2,9
1,62
72,399
14,112
40,308
184,279
69,300
8,30
10,129
40,128
1,18
4,186
84,177
12,67
2,3
0,14
12,150
9,62
0,23
4,30
3,140
38,127
0,4
2,1
0,13
16,86
26,116
102,202
2,6
3,152
0,1
7,210
96,486
59,164
102,229
9,50
63,350
3,103
24,415
55,248
141,266
11,161
2,92
27,149
112,231
108,365
5,314
269,321
38,208
0,17
1,3
52,105
3,46
60,473
18,37
43,164
19,112
75,228
2,14
9,60
2,3
1,5
0,4
4,70
21,155
166,224
38,153
0,5
100,187
82,331
8,29
10,25
22,170
1,9
6,34
39,115
0,31
19,115
1,7
7,83
10,28
2,2
4,15
20,73
27,120
3,13
93,423
4,74
97,757
48,229
10,128
5,143
11,67
14,208
3,23
119,241
16,107
0,14
1,33
11,74
58,159
4,4
20,714
73,142
3,3
15,107
49,219
5,51
161,256
5,24
33,194
19,102
3,92
47,193
7,26
5,91
74,162
30,331
17,216
43,170
23,188
291,357
6,67
0,6
32,328
0,1
22,217
1,5
5,229
10,63
138,216
21,132
66,428
30,329
39,102
31,653
28,148
0,5
1,11
87,102
40,577
77,142
40,214
5,27
13,287
39,533
1,3
3,29
1,42
2,4
68,664
9,53
9,139
110,221
29,119
0,4
1,14
6,244
29,367
2,71
98,268
9,73
161,224
2,3
8,59
1,5
15,53
20,131
39,159
11,161
1,29
32,189
25,449
4,39
2,3
80,618
102,358
13,183
49,240
49,158
158,742
93,253
65,162
242,181
7,85
5,225
2,93
96,547
41,126
1,4
84,185
8,95
17,191
3,6
37,86
6,102
8,169
33,197
9,75
29,292
8,188
46,166
3,34
1,34
7,265
0,6
49,680
5,107
0,27
21,70
5,40
91,265
80,293
28,64
32,82
2,7
0,3
27,157
138,317
45,514
72,207
269,307
15,186
7,316
75,480
81,274
97,177
95,180
0,5
10,116
10,91
6,80
6,154
0,17
6,78
141,158
4,5
131,239
37,245
39,333
54,95
49,256
0,41
17,122
40,175
52,540
27,141
41,208
25,173
74,189
93,678
9,112
14,135
2,58
6,184
15,78
68,202
40,177
40,323
5,197
87,114
6,35
275,447
6,55
2,96
6,53
25,122
0,4
35,509
82,323
91,778
4,79
46,220
1,5
28,245
2,58
44,320
2,36
60,82
101,230
81,215
11,229
0,4
4,17
257,445
96,537
17,78
7,73
19,88
14,57
87,589
3,214
1,11
191,273
91,393
22,306
78,167
21,211
301,269
32,142
1,25
129,244
45,312
96,161
59,305
1,8
21,108
13,144
5,68
75,292
1,1
7,47
49,177
36,143
0,2
7,98
4,25
61,461
81,662
30,88
0,56
55,98
10,104
0,5
4,43
18,326
33,58
34,711
2,11
98,192
38,158
9,378
3,37
56,162
27,198
31,218
23,351
0,2
0,4
9,23
0,9
0,13
5,119
10,54
25,214
25,73
47,96
34,168
101,302
0,6
46,196
4,72
15,326
9,34
10,19
0,15
38,239
66,121
23,118
16,20
5,22
13,138
10,108
7,50
105,160
2,9
32,96
168,281
104,201
237,593
0,5
15,58
44,391
69,203
10,116
6,46
0,6
42,209
1,9
21,48
11,39
161,291
101,244
47,152
84,500
0,16
65,507
4,104
46,136
9,12
0,4
0,12
0,14
113,156
3,100
1,5
109,242
181,256
84,186
7,47
9,132
18,115
0,6
5,11
80,441
2,72
19,81
3,47
4,19
76,145
24,51
16,298
27,156
0,9
19,163
107,674
69,286
110,236
4,59
19,137
14,125
236,349
157,243
1,6
27,122
0,27
3,39
18,267
164,378
71,215
0,4
8,116
89,259
0,4
0,29
5,81
41,167
6,25
48,243
45,396
6,179
122,766
3,6
2,6
20,202
1,11
80,444
5,8
0,6
7,20
2,8
71,335
11,95
11,317
7,62
0,6
5,64
1,19
3,13
0,29
52,149
16,165
5,74
3,13
17,190
9,145
0,19
13,623
1,14
6,465
1,5
49,142
49,313
1,13
227,378
35,55
35,181
37,119
81,128
11,13
26,230
4,147
15,56
1,1
28,426
0,18
6,40
130,192
3,4
0,3
7,14
44,329
24,92
0,3
8,147
1,10
0,4
8,36
3,51
3,54
69,169
197,284
26,157
28,282
30,189
5,50
3,9
60,217
30,184
0,5
18,89
10,62
19,317
48,200
16,61
5,35
6,148
10,166
25,152
22,139
4,6
188,217
13,361
2,42
25,668
22,124
26,231
81,242
37,96
0,58
0,4
60,214
19,55
26,640
0,18
0,6
108,249
1,8
22,81
41,107
134,338
16,197
38,152
79,357
14,66
5,170
110,352
26,107
1,4
58,428
15,579
24,53
12,51
5,48
5,5
20,452
22,105
5,30
1,17
0,8
85,146
50,317
44,198
131,202
45,96
14,105
97,184
8,56
72,228
3,47
4,21
7,22
28,52
173,342
4,40
5,13
1,13
31,87
49,184
47,279
26,121
5,67
17,104
19,80
29,109
27,206
44,511
2,121
16,147
28,90
150,278
11,297
45,264
1,7
4,27
55,163
6,77
28,128
39,168
60,649
53,141
208,404
25,191
23,153
11,46
0,92
3,43
38,305
101,255
31,105
89,221
0,95
177,172
66,224
41,333
6,166
43,105
12,134
72,203
10,112
55,359
19,101
41,157
39,183
70,138
8,63
0,8
26,155
6,100
47,92
0,48
29,125
20,311
10,19
33,182
58,153
4,6
22,434
78,123
23,235
7,7
0,5
44,144
0,3
34,233
0,5
39,273
5,101
7,61
56,220
17,190
0,83
12,27
2,4
0,26
3,3
1,17
76,126
86,291
0,7
3,104
57,179
2,29
11,112
57,128
6,124
0,10
8,17
2,6
1,6
0,57
10,62
3,207
34,207
2,6
0,6
36,194
88,552
112,789
7,76
4,40
3,23
20,72
52,478
0,5
2,40
64,218
102,667
77,85
11,184
1,4
1,22
101,341
8,389
4,126
44,119
21,44
46,77
76,369
1,10
13,131
70,288
0,1
0,6
30,131
169,309
3,36
36,258
4,20
2,8
8,6
12,668
25,150
5,79
4,6
26,88
88,206
4,9
3,5
18,50
28,222
142,219
8,104
5,7
49,125
45,208
25,124
6,115
12,42
78,492
77,732
38,142
2,3
26,145
85,719
41,170
0,20
31,165
4,49
11,109
0,3
0,2
65,791
310,401
3,48
3,121
3,187
8,61
41,161
2,5
6,14
4,40
4,47
35,168
0,6
137,138
0,4
1,3
0,34
2,40
24,193
0,9
2,23
3,45
33,725
4,115
28,161
3,51
15,150
12,481
52,201
1,4
6,29
6,25
2,3
67,126
3,11
33,316
208,301
3,72
34,301
357,322
9,21
5,104
13,352
79,202
5,91
12,34
44,81
1,25
130,254
2,12
4,92
55,217
107,213
27,664
225,339
8,157
74,508
75,240
57,233
2,80
4,27
38,255
1,45
17,143
21,80
68,266
0,8
11,124
203,329
12,108
5,72
0,11
0,3
22,138
67,311
38,260
22,195
1,6
19,213
2,25
1,10
0,10
75,172
44,358
4,86
55,95
31,112
68,146
135,224
34,161
0,2
24,95
14,393
59,479
0,14
61,176
1,0
32,137
1,2
7,109
84,351
2,17
77,170
16,345
38,121
12,100
2,4
3,109
2,33
52,486
2,10
3,22
10,149
5,10
10,40
5,4
1,4
17,97
20,544
132,181
111,293
88,656
47,219
1,1
13,72
4,21
6,60
6,211
12,370
198,209
5,79
109,172
86,264
64,762
109,264
21,481
40,232
16,47
9,151
28,58
3,53
2,4
40,377
1,23
37,167
6,414
32,202
81,202
47,76
24,54
3,42
2,19
65,486
1,16
67,186
2,6
68,289
38,191
5,148
51,188
1,21
23,99
9,319
23,546
10,214
8,57
1,1
1,46
0,16
42,152
40,192
28,415
184,337
70,162
2,17
45,397
53,107
29,122
4,105
1,4
16,235
26,429
104,165
3,10
60,124
3,115
20,207
5,54
61,152
8,296
5,37
2,67
40,262
4,23
17,39
2,53
27,119
1,23
9,98
36,166
60,125
33,241
10,213
10,13
21,166
30,150
0,2
0,5
0,14
33,121
40,334
10,139
38,182
18,30
38,65
50,746
13,122
24,332
2,11
29,605
42,112
143,300
42,93
1,5
33,185
68,665
20,170
30,330
18,147
12,48
0,2
53,137
7,81
5,69
208,315
12,35
0,21
24,136
29,397
168,220
83,751
21,92
1,11
24,134
3,31
195,390
2,24
8,20
6,121
36,175
5,26
20,108
7,64
0,18
0,11
8,37
1,5
41,113
3,76
17,197
79,242
14,16
31,637
22,82
8,48
3,7
11,92
9,86
20,95
50,246
4,29
17,30
22,166
123,209
0,7
0,5
5,47
37,88
28,381
23,74
0,64
17,66
7,150
0,21
75,543
28,274
17,280
41,203
25,223
66,188
14,226
4,48
165,221
15,79
0,7
33,164
1,6
33,288
3,8
43,216
50,506
0,5
9,15
28,488
6,116
42,215
2,9
4,17
55,201
60,138
34,99
5,6
66,201
4,32
5,127
80,247
1,16
95,237
105,203
12,178
4,52
11,455
45,156
38,357
3,60
107,739
10,53
1,17
31,124
4,115
48,129
3,7
27,72
12,102
2,31
0,3
72,553
24,127
34,254
35,82
26,52
21,170
32,151
16,54
4,60
31,117
20,70
30,107
1,1
3,2
24,128
243,354
69,146
54,138
21,411
1,13
18,153
250,404
4,19
8,146
2,20
33,181
46,122
6,5
27,116
11,426
258,243
58,244
51,168
25,457
13,18
31,203
5,357
8,65
1,30
67,321
72,212
28,212
23,151
8,155
8,44
23,119
104,640
48,66
21,46
60,292
23,139
11,82
4,41
73,264
20,568
4,43
5,18
18,328
7,352
11,126
11,78
23,150
197,246
83,496
111,412
12,165
30,277
2,21
8,26
16,53
6,53
0,16
5,222
3,6
0,5
11,104
1,3
2,1
13,54
1,6
11,271
3,38
7,63
11,36
3,33
240,314
2,4
99,239
26,140
73,221
5,28
1,31
147,156
27,126
1,1
0,3
0,7
1,19
4,73
0,19
0,47
11,38
187,284
0,12
11,108
4,62
0,4
10,53
32,480
11,64
82,194
44,136
6,199
58,131
185,275
37,153
42,151
9,74
32,139
25,99
212,243
4,48
11,26
96,210
16,21
86,470
4,116
7,15
49,378
1,39
107,137
1,25
7,43
61,137
6,293
26,291
1,5
147,244
64,192
38,103
10,94
4,14
37,156
29,64
15,63
91,120
0,3
57,182
205,236
71,236
7,95
0,2
5,35
12,162
40,455
1,2
2,59
77,245
14,25
0,3
37,190
11,47
22,156
48,354
10,216
63,373
26,139
18,84
1,12
10,35
2,106
43,148
136,148
133,236
1,2
237,181
0,5
12,53
11,103
4,139
41,131
11,219
61,252
208,312
35,179
7,69
120,226
276,366
10,20
10,60
6,7
184,268
84,466
54,233
20,123
60,726
1,24
2,22
0,7
0,34
80,478
60,104
38,154
12,519
53,222
0,5
3,125
25,71
80,225
0,7
1,33
8,28
87,246
50,133
142,198
8,114
64,267
28,127
27,388
12,112
23,83
81,267
222,271
41,116
2,35
60,152
17,203
4,86
34,132
3,103
12,46
2,20
8,118
0,2
138,318
55,315
0,10
156,338
3,144
5,30
37,175
5,50
50,628
27,393
56,284
3,94
6,6
8,59
54,181
19,88
59,130
51,196
29,119
6,175
5,6
151,330
9,155
11,118
0,6
33,141
45,317
5,16
0,7
0,21
1,9
77,166
97,262
0,4
24,96
4,21
112,306
9,120
1,5
42,244
13,105
28,108
7,38
1,8
111,857
24,105
45,147
58,165
1,49
9,347
0,4
1,12
2,10
105,314
9,7
54,756
18,489
42,206
3,8
7,43
1,33
1,7
57,304
4,11
0,44
30,392
2,8
3,5
9,7
53,137
18,278
1,4
55,95
1,12
1,3
226,359
0,26
14,94
233,435
6,79
27,591
16,180
0,6
26,97
10,101
17,61
5,47
2,1
40,140
153,336
20,94
4,22
34,108
0,29
114,575
106,279
176,265
5,22
65,159
1,2
17,181
22,56
10,102
0,22
0,2
44,110
15,239
2,12
40,165
13,55
11,72
9,9
31,216
27,439
0,2
12,322
6,79
17,122
10,64
55,79
39,417
1,20
13,97
51,256
0,1
69,187
16,149
0,27
1,35
63,197
62,237
45,125
0,2
0,14
22,643
2,42
7,11
130,232
47,127
1,34
63,458
33,112
50,137
9,53
0,10
19,166
6,38
71,342
0,90
0,2
90,214
0,11
67,465
0,2
77,735
2,39
17,112
7,23
57,174
32,105
14,176
0,8
21,147
0,57
6,23
18,77
12,29
49,164
22,81
0,7
33,126
7,18
47,216
215,175
16,155
0,2
9,80
2,5
14,130
0,13
23,282
40,116
31,377
1,29
1,8
5,123
40,156
1,12
19,76
4,19
69,241
166,147
92,157
6,151
0,10
13,65
163,342
7,48
1,6
34,138
58,210
86,764
30,68
0,7
22,155
19,86
0,4
6,22
22,94
17,484
45,112
60,596
39,231
50,152
185,243
3,34
5,24
7,137
102,620
7,119
186,228
34,140
36,157
3,70
25,324
118,634
46,101
26,162
57,88
17,45
104,234
37,206
89,206
24,77
36,82
54,134
6,35
44,371
2,85
26,104
6,23
1,13
4,7
95,275
11,52
160,241
5,48
53,241
14,245
2,8
28,197
30,298
9,67
26,102
0,5
37,652
1,21
0,3
11,163
5,15
11,148
116,692
11,200
19,468
41,118
44,224
5,48
34,212
6,71
24,138
164,367
16,103
14,141
7,22
7,50
33,314
6,15
0,49
49,327
1,0
61,290
9,15
6,51
22,148
16,89
33,176
11,222
57,198
132,426
142,306
0,24
16,101
2,60
0,4
25,159
119,327
104,185
39,81
93,284
146,219
8,22
1,14
11,297
58,119
0,2
40,141
33,95
3,18
12,60
0,36
2,9
0,5
10,45
42,179
87,334
14,108
236,307
59,539
28,121
18,211
11,43
2,51
4,37
1,69
35,36
25,175
2,8
77,268
12,120
55,145
10,88
5,130
0,23
28,115
45,283
9,26
108,312
154,357
109,182
11,98
23,358
219,148
10,321
18,54
3,39
2,53
2,41
18,94
31,100
147,148
3,13
9,99
41,98
146,273
44,192
7,218
3,82
0,18
44,83
1,5
174,420
24,82
6,108
46,301
35,335
44,214
94,158
3,3
55,398
21,247
0,72
36,139
26,50
50,522
23,66
118,171
27,178
2,33
13,66
14,111
7,171
12,74
37,88
11,43
19,155
3,90
2,21
2,4
58,182
72,126
18,59
45,372
1,6
67,220
41,284
0,5
3,13
27,38
76,186
13,48
1,35
8,54
6,235
8,241
6,227
75,305
0,4
3,117
30,95
164,326
29,197
33,156
20,54
1,20
22,158
8,34
11,147
18,132
2,136
0,22
29,86
62,258
1,5
7,9
85,542
0,2
37,38
0,1
0,15
36,240
53,279
2,31
3,206
7,26
1,44
40,168
1,20
54,504
41,142
2,122
1,1
1,206
16,64
2,2
7,58
1,21
6,39
105,211
75,525
5,26
26,299
134,237
2,97
70,205
61,132
219,370
15,449
202,371
0,6
156,301
50,112
88,178
8,349
42,169
63,155
9,38
0,9
48,576
22,213
7,122
28,298
272,228
4,57
91,245
47,239
0,97
3,14
191,330
7,92
0,39
27,62
1,53
94,217
55,210
21,371
29,402
91,704
23,124
57,85
14,87
80,248
69,478
1,107
1,29
100,375
250,346
0,1
110,255
87,365
54,147
3,19
3,38
43,136
1,11
60,157
43,745
19,200
4,38
83,363
9,67
1,2
6,60
0,6
41,107
10,55
4,25
41,133
1,9
12,392
67,150
1,13
1,4
10,64
36,96
75,196
170,243
3,86
12,72
7,21
3,8
2,53
10,40
35,252
11,20
10,84
0,5
13,94
157,330
46,83
9,99
1,1
18,122
47,264
0,5
0,30
1,29
5,19
78,183
2,8
15,128
99,251
81,310
18,81
0,1
15,24
4,134
32,84
7,12
94,222
2,32
0,27
8,27
20,107
15,48
220,292
7,30
8,14
21,49
0,68
8,128
36,294
195,219
19,252
4,258
0,1
18,152
39,160
29,580
6,128
1,80
53,464
70,151
13,540
1,34
0,7
3,18
30,242
11,23
16,147
34,288
1,22
1,5
17,49
3,113
38,336
4,9
10,36
115,237
64,112
40,260
8,78
10,517
117,307
3,69
204,176
33,502
8,60
14,34
0,6
2,89
12,102
5,11
0,4
75,348
3,26
0,15
29,121
3,12
241,300
2,6
18,443
52,169
27,98
4,133
8,58
36,654
2,9
15,26
10,85
4,55
21,149
4,95
3,27
1,8
6,345
77,202
1,37
8,19
121,257
0,4
90,794
10,167
62,273
10,3
70,492
3,16
0,3
43,228
11,152
29,134
6,72
10,29
42,73
114,679
49,264
62,369
80,293
1,35
3,3
0,54
0,13
35,199
56,340
7,47
47,131
6,12
1,7
0,2
4,207
6,78
69,110
0,5
16,533
2,24
38,97
5,84
3,108
3,7
20,505
2,26
2,40
3,27
8,144
13,57
46,117
63,143
4,28
58,168
1,35
10,104
77,486
29,204
2,4
48,232
37,77
44,129
19,98
33,147
42,99
78,142
32,668
23,262
105,209
33,285
14,363
31,132
1,63
8,68
17,50
10,69
10,52
28,262
2,131
16,54
4,21
9,107
13,176
22,310
286,365
34,104
3,7
17,134
24,51
13,646
2,110
0,2
210,239
68,450
1,14
0,24
25,150
13,74
1,22
53,114
67,433
7,38
94,197
13,62
29,97
2,77
8,54
38,137
96,193
0,5
48,155
14,55
53,154
48,171
1,5
24,78
1,2
1,6
25,89
45,93
0,16
1,3
20,97
209,340
41,72
0,30
54,162
16,71
68,147
13,117
0,3
18,176
184,295
17,66
22,305
0,5
0,8
4,32
6,49
1,3
20,378
13,80
21,189
32,636
3,20
15,98
94,371
36,196
6,32
24,134
44,609
23,142
107,232
14,150
108,561
49,133
8,9
95,758
0,11
41,156
54,136
8,88
60,255
9,68
84,285
36,153
35,274
7,59
40,154
3,83
11,51
9,215
17,137
13,111
11,35
73,118
17,101
0,8
16,88
1,20
0,13
0,32
1,43
5,22
79,340
53,120
27,99
24,88
172,323
66,156
89,241
0,1
2,25
81,491
13,57
20,266
83,419
27,49
30,99
25,551
35,382
0,49
12,153
33,83
98,224
0,4
82,432
20,235
18,21
12,24
7,65
0,4
143,270
8,235
62,181
13,40
26,92
7,77
0,3
0,6
8,102
32,417
1,49
15,80
16,209
1,11
2,25
111,381
1,32
3,72
1,5
1,7
58,320
61,567
43,294
4,169
47,246
13,48
88,204
3,8
40,252
3,42
2,26
67,131
10,119
213,366
43,255
17,79
3,8
4,78
1,3
63,516
142,218
8,154
8,345
45,126
3,20
85,192
0,5
7,13
10,26
11,123
28,86
1,20
37,368
0,6
34,69
34,642
10,82
75,243
1,10
32,388
25,136
13,407
6,110
3,15
44,255
10,139
64,475
354,261
7,52
19,84
50,157
116,244
62,128
68,175
220,330
0,5
130,783
4,54
25,162
101,155
12,46
10,17
0,7
0,1
1,3
12,52
5,90
91,217
60,337
11,225
119,248
99,188
9,131
64,134
1,39
6,22
9,50
10,149
7,56
94,191
11,467
3,40
6,8
58,100
28,128
1,34
6,162
52,380
10,231
0,14
14,220
28,222
2,88
117,145
96,371
0,11
1,1
8,114
1,76
4,35
2,33
19,71
58,429
6,146
12,68
2,37
66,336
17,355
71,183
1,17
18,211
6,88
125,150
89,309
2,8
15,196
42,185
31,270
93,109
10,32
81,225
13,71
7,48
5,105
66,297
1,3
105,177
195,306
76,117
8,10
4,51
168,215
31,726
1,1
0,7
62,230
88,175
56,223
7,403
25,145
46,188
122,260
118,130
1,3
26,195
77,146
2,10
34,272
67,270
72,256
15,91
123,174
227,329
107,188
1,20
8,74
27,146
7,14
0,35
0,6
23,90
132,259
40,276
29,576
7,110
0,7
2,7
0,10
4,120
35,84
3,14
97,192
2,28
3,41
82,178
115,207
30,71
10,152
64,153
24,113
72,207
14,514
25,293
15,95
11,14
5,8
107,751
63,204
295,434
15,69
34,130
56,127
29,115
14,104
4,66
45,389
65,473
79,202
0,1
108,104
6,31
0,1
44,135
12,86
0,15
10,57
3,109
40,101
64,89
25,146
8,29
0,2
40,51
70,366
75,184
1,16
20,114
0,4
66,308
168,284
165,335
1,10
35,55
26,82
177,322
0,1
2,52
2,2
3,40
58,127
34,191
0,71
156,253
6,45
13,80
25,69
75,419
0,12
23,113
218,337
2,64
34,138
12,90
24,97
20,90
9,9
56,347
0,20
11,149
7,156
2,8
262,378
17,175
352,338
42,133
27,123
8,275
1,46
3,36
10,91
65,157
1,5
0,6
0,11
27,125
307,443
100,209
149,296
6,171
7,57
10,40
63,335
0,4
14,78
32,148
1,24
7,31
2,179
15,109
1,77
0,4
83,233
11,32
34,71
2,14
0,17
58,117
10,204
23,137
71,261
12,144
7,7
0,20
63,149
6,31
57,169
25,300
0,92
0,5
20,86
24,451
3,50
0,66
45,220
11,65
11,107
5,36
21,100
32,68
26,61
3,72
38,114
31,241
0,3
57,181
27,97
6,62
2,1
40,86
0,2
26,70
4,90
164,323
5,11
24,133
25,116
30,266
18,149
3,4
1,35
99,234
23,95
145,253
22,142
0,2
4,105
36,275
237,314
21,56
1,23
44,144
278,331
15,130
55,148
0,1
38,192
10,8
37,146
5,3
45,225
41,296
2,29
6,62
29,83
264,404
70,230
21,41
16,141
2,15
4,31
150,354
27,447
68,720
44,136
5,349
3,75
1,29
1,33
1,4
3,23
0,22
6,12
31,458
83,159
128,241
130,196
9,42
18,187
71,184
1,7
31,181
4,7
16,193
8,48
37,147
125,238
148,232
134,240
42,94
6,12
37,300
13,37
0,8
0,1
11,127
12,177
5,106
11,25
118,234
97,124
20,60
43,74
40,147
311,347
70,749
15,169
31,302
16,59
33,184
9,126
28,262
0,8
175,235
1,12
10,138
1,21
32,696
3,7
4,8
52,176
72,238
1,4
249,368
114,108
12,61
104,216
1,11
12,411
0,8
2,64
37,245
26,85
22,595
2,6
17,140
186,314
3,35
3,57
44,165
73,399
3,58
0,3
94,185
31,291
9,102
1,7
0,5
20,248
26,246
73,375
71,130
1,5
32,156
54,135
94,161
44,148
94,186
325,425
2,278
156,404
99,203
144,647
32,87
2,22
75,197
2,24
86,739
1,4
48,170
4,60
227,290
44,246
4,10
240,195
38,165
0,9
9,117
40,178
13,119
21,158
16,98
0,4
65,113
3,6
0,14
68,445
14,156
26,150
14,585
8,19
2,4
8,31
9,66
17,478
111,417
49,253
4,17
9,78
48,281
42,483
188,468
5,270
30,130
1,29
0,1
0,15
8,64
44,283
1,53
7,44
0,20
10,145
17,189
5,25
1,4
26,399
15,123
40,167
3,9
29,239
14,36
59,195
77,309
16,112
9,24
94,166
21,14
1,10
0,31
44,203
6,10
0,5
39,111
92,786
0,3
26,96
32,308
34,115
0,1
2,55
191,253
0,34
10,122
79,192
3,28
29,57
33,142
14,94
0,4
0,41
0,16
45,112
162,314
22,60
79,213
28,253
1,27
0,5
106,226
78,71
22,144
27,478
2,10
17,106
166,375
14,353
44,197
159,271
1,2
86,369
13,200
91,287
3,37
44,242
59,313
10,18
0,1
2,51
1,14
24,113
140,299
11,123
80,225
2,62
52,233
12,232
14,95
29,79
4,42
62,296
28,166
12,95
5,115
19,74
9,317
14,64
27,77
73,217
0,3
1,6
38,681
13,274
1,35
1,2
6,8
98,460
0,2
0,7
9,157
103,254
1,6
3,95
48,170
43,244
72,127
84,305
24,81
0,11
59,134
3,5
5,8
74,211
199,280
35,204
80,159
23,273
16,84
5,4
10,114
6,41
5,7
10,62
5,38
20,245
31,12
51,376
0,17
22,79
51,189
11,242
4,15
33,369
47,68
0,7
98,208
39,271
3,52
22,399
4,87
5,56
65,161
7,12
9,197
239,354
0,2
3,93
22,142
76,226
4,49
8,18
0,1
9,22
104,250
17,33
2,30
29,214
7,522
30,219
27,120
29,262
34,622
41,244
0,3
3,18
2,38
47,335
23,145
52,203
7,18
40,149
2,3
18,201
69,179
5,28
25,66
9,3
53,155
1,3
51,270
7,369
43,76
3,104
8,107
3,72
8,36
0,4
7,53
0,26
41,109
12,573
39,258
10,86
4,17
8,76
3,5
67,120
16,186
3,158
24,195
37,398
18,88
217,263
10,235
100,151
19,76
142,232
0,37
1,2
19,74
25,110
150,237
53,176
53,238
17,73
2,119
26,152
12,61
237,348
2,6
236,216
112,163
64,465
31,551
38,134
24,334
23,82
1,6
61,165
86,161
5,34
80,228
69,716
30,237
25,158
33,697
10,94
1,196
10,31
2,24
7,335
45,73
10,449
32,99
2,107
17,401
312,342
1,2
0,2
21,67
151,159
37,260
1,19
9,94
6,31
9,159
2,1
14,181
0,7
21,461
72,224
12,296
32,205
23,202
108,199
98,648
15,95
207,357
12,56
0,7
108,256
66,157
50,109
103,464
31,296
106,360
0,83
50,414
13,394
0,5
61,245
28,78
0,2
12,180
24,256
5,28
141,212
0,3
56,251
22,149
52,148
7,131
2,9
47,220
58,261
92,132
0,36
167,202
9,20
13,27
51,174
10,111
26,60
0,87
51,272
67,176
5,23
22,173
256,456
2,80
1,10
9,46
79,250
20,116
5,81
14,83
10,109
0,11
8,20
40,221
18,154
48,87
21,114
0,3
62,185
0,1
8,112
2,9
2,22
31,165
26,175
3,8
15,183
0,3
12,148
0,4
85,116
3,59
22,69
7,33
9,575
1,447
71,77
53,218
5,19
35,155
7,29
20,333
13,62
1,18
2,5
0,2
19,409
61,168
83,194
5,185
13,33
0,23
80,212
2,4
2,14
35,95
27,111
43,128
18,329
32,106
64,182
2,5
40,453
73,560
14,79
317,342
6,38
31,194
90,437
76,629
4,36
6,117
29,54
0,17
7,11
5,45
0,11
1,239
0,1
54,178
3,59
42,471
29,177
27,75
10,40
3,11
9,89
39,227
7,63
1,4
3,2
19,82
18,60
22,170
28,71
1,28
16,86
122,139
52,145
55,225
20,84
0,2
191,255
5,81
2,49
2,147
130,121
22,98
13,48
11,274
1,9
10,18
70,164
4,49
83,555
3,16
61,337
25,162
2,9
48,121
0,2
16,76
266,252
5,35
5,19
75,433
101,344
14,72
0,7
55,98
36,188
16,85
0,15
0,11
88,363
31,210
3,60
10,225
42,111
1,38
5,22
30,130
19,73
66,261
63,89
2,4
109,252
95,363
59,139
30,289
24,203
1,7
10,202
15,100
56,228
5,50
33,311
3,34
8,83
2,197
80,264
7,19
21,224
5,82
3,42
42,135
27,142
33,201
7,183
25,69
75,200
217,367
1,7
42,353
31,188
33,649
17,166
176,221
45,198
0,78
68,163
52,90
42,295
5,25
47,122
34,76
6,37
48,198
153,168
30,151
77,231
76,566
64,183
22,116
7,58
196,141
21,288
18,74
62,208
6,22
3,20
120,262
8,39
19,91
147,223
4,9
0,3
45,227
218,351
6,14
1,73
41,321
48,199
29,244
59,167
0,49
95,646
29,194
77,389
20,136
123,258
12,71
12,33
13,58
204,267
0,7
90,151
47,97
22,65
1,9
13,41
7,90
11,20
0,9
52,186
15,244
40,370
59,471
76,172
125,222
2,66
20,229
133,283
7,127
11,40
113,730
0,14
24,533
17,85
42,436
15,175
1,7
31,413
47,136
3,62
107,137
89,202
36,196
0,2
17,182
6,114
1,28
2,14
7,67
69,81
37,682
286,330
2,7
6,21
14,49
11,87
2,11
1,82
6,5
91,213
28,280
8,49
28,109
29,326
274,239
13,51
21,130
98,171
3,59
19,71
9,316
55,246
0,3
10,45
53,275
11,23
11,56
171,427
32,135
268,383
44,122
1,8
0,8
19,177
34,604
101,414
110,767
16,221
254,222
15,234
3,29
37,114
51,125
0,3
0,3
20,488
36,110
22,123
200,272
1,5
4,101
274,404
77,266
0,2
0,3
21,144
57,194
64,642
4,43
32,127
93,173
13,437
92,251
3,179
9,172
94,745
62,88
170,281
5,43
3,15
32,174
20,64
52,156
67,229
4,21
0,19
39,274
65,155
60,291
134,362
35,207
38,103
5,115
2,50
3,63
28,95
1,5
30,808
7,157
9,219
3,54
0,4
2,22
79,272
24,161
129,203
24,63
2,56
34,160
19,134
3,5
14,498
0,2
51,120
23,386
33,63
0,16
4,44
6,66
131,706
10,23
74,130
21,211
74,199
2,99
62,379
238,371
58,202
14,567
55,464
8,192
134,310
1,15
154,656
13,51
115,275
18,228
13,56
6,5
5,226
1,7
39,453
62,92
82,102
78,632
6,253
7,124
9,332
10,124
147,228
94,212
260,393
28,610
29,145
2,18
3,83
6,22
12,80
15,96
27,60
213,300
3,53
1,4
135,170
27,164
1,6
55,341
22,255
10,105
36,104
11,479
28,372
18,215
5,38
32,121
23,186
208,224
0,2
74,232
9,222
10,62
40,94
0,4
265,274
1,6
18,79
11,35
2,6
1,14
5,27
1,69
26,100
29,158
187,276
42,129
2,6
4,27
23,311
29,209
2,30
22,162
25,335
142,152
0,23
0,24
34,129
24,43
1,18
1,2
2,6
14,46
27,563
14,151
66,100
11,36
12,252
31,97
16,430
16,37
1,33
86,197
92,261
0,5
64,220
6,89
11,177
74,169
194,402
31,226
7,70
2,8
9,84
12,28
7,188
31,501
4,29
8,58
43,231
1,6
8,347
1,1
2,19
16,122
0,4
64,145
3,8
16,72
0,2
0,7
148,133
1,5
1,4
49,653
17,257
12,50
2,4
5,47
7,173
4,33
13,99
25,82
61,224
14,76
30,190
0,5
2,66
120,201
17,61
14,218
9,88
1,6
4,6
0,1
5,103
2,6
7,6
49,154
26,362
39,261
3,22
1,23
101,167
13,70
2,3
148,399
41,55
0,10
164,242
15,300
69,370
0,15
7,236
28,75
7,27
50,164
0,27
3,45
0,5
1,4
16,158
0,30
134,734
0,3
267,361
0,12
7,59
47,114
97,235
3,3
15,166
7,78
26,67
31,136
74,761
1,15
58,321
55,188
75,97
27,151
1,6
39,472
5,101
21,203
6,130
116,337
0,2
0,2
43,665
44,198
0,4
3,16
1,24
2,5
72,711
13,121
27,143
52,123
44,105
82,299
21,85
30,49
199,259
1,52
18,111
39,182
48,135
52,90
49,95
32,228
4,31
78,156
12,121
6,58
0,11
21,58
54,516
0,6
146,328
9,65
1,11
19,142
4,79
79,334
7,155
3,28
4,105
14,41
1,4
18,37
9,78
194,167
1,27
120,183
72,188
67,472
0,4
180,246
26,241
4,164
36,486
62,154
53,142
13,114
9,146
1,31
6,101
22,130
25,159
26,325
17,520
13,215
7,50
0,3
117,621
18,367
40,189
25,94
9,62
0,2
1,0
104,288
1,1
11,25
10,218
7,14
17,121
6,178
5,8
39,348
2,95
128,225
240,196
5,41
14,28
3,8
19,274
2,4
42,604
29,106
0,2
35,236
1,30
20,277
261,243
2,64
17,539
17,302
33,92
6,346
0,3
80,611
4,5
8,127
33,112
91,310
9,156
2,4
16,141
7,62
331,311
2,4
97,161
20,59
4,107
0,2
41,112
3,37
65,277
17,93
42,128
12,258
3,7
15,92
69,263
45,115
1,6
36,151
14,32
10,50
58,216
9,145
53,155
54,268
67,181
11,95
28,397
1,6
42,323
21,279
9,133
180,203
0,4
36,114
8,15
53,132
76,256
25,383
1,91
0,8
72,150
0,5
1,151
8,26
26,191
38,186
0,2
1,3
74,812
1,5
27,115
17,393
0,1
37,108
1,5
3,5
77,205
46,96
6,111
5,46
12,123
74,232
126,244
2,78
118,197
137,235
7,82
8,116
8,394
85,161
10,44
45,192
0,3
47,316
3,2
8,12
4,55
1,2
1,21
47,183
47,186
0,6
91,184
2,7
108,188
1,19
101,189
32,51
8,10
2,7
79,263
72,64
85,229
31,98
172,483
26,127
69,445
30,92
47,248
60,177
2,101
50,153
30,188
38,134
34,128
11,44
10,23
96,221
11,504
4,37
63,245
11,125
180,303
32,56
185,369
2,4
101,207
27,577
72,281
8,24
15,111
32,281
7,7
4,31
104,796
16,311
18,312
60,487
6,19
99,153
0,3
132,251
61,205
5,23
53,115
18,126
127,258
3,226
56,85
25,773
0,26
31,97
10,22
2,33
35,259
0,11
53,172
82,410
4,48
75,46
1,1
20,331
3,24
228,473
7,90
17,97
17,110
5,226
31,141
49,179
168,217
20,78
18,154
27,117
179,313
73,219
0,4
9,11
14,201
26,115
103,168
0,3
141,218
335,376
21,82
1,141
1,30
61,103
6,8
3,23
18,101
62,52
84,347
2,2
64,216
5,45
1,11
140,247
3,4
71,390
8,60
10,33
0,3
65,139
6,29
7,101
187,187
5,63
7,8
9,74
117,302
3,5
3,37
41,258
17,168
0,8
0,5
9,72
38,165
2,2
199,312
53,77
19,57
51,428
16,491
155,299
29,164
63,196
47,93
0,6
0,10
1,43
10,99
34,133
0,5
51,169
6,21
49,297
21,580
29,55
38,81
65,212
0,10
54,426
33,106
3,96
3,46
16,106
75,782
122,209
70,418
40,264
0,68
34,72
61,178
68,224
26,64
9,247
5,20
55,256
2,3
183,318
1,7
36,749
2,48
16,48
0,6
1,7
18,64
79,517
3,101
37,283
0,1
197,368
0,6
146,217
60,192
0,3
9,204
228,460
165,219
7,201
97,320
5,10
0,9
69,127
25,415
0,118
30,65
1,7
30,180
3,63
23,86
41,233
67,333
1,10
24,175
1,47
1,2
11,110
42,44
20,349
19,68
11,216
45,423
6,33
5,9
75,139
7,20
5,6
97,93
20,212
35,193
69,322
15,100
135,229
22,144
1,10
69,203
8,57
17,100
22,105
13,58
38,206
0,3
6,124
1,16
13,47
6,82
54,128
1,4
8,49
42,123
248,173
3,14
85,438
18,37
18,474
12,94
14,367
4,83
32,87
1,10
100,274
6,70
1,2
36,207
10,66
56,92
3,3
2,30
0,37
99,677
0,5
59,171
83,810
8,15
2,4
21,382
46,158
8,103
12,379
2,4
35,171
11,33
55,467
50,359
3,7
56,156
1,61
76,175
16,543
48,140
47,204
19,178
77,216
4,35
1,102
74,163
69,815
44,205
29,161
2,4
29,136
3,55
8,51
17,70
31,425
121,299
0,1
0,64
62,212
80,218
14,137
0,8
10,89
2,7
8,45
19,346
4,28
109,661
43,461
82,252
155,315
51,335
66,193
302,448
11,256
14,120
22,351
8,176
4,222
54,313
7,75
3,88
23,169
7,40
152,228
39,114
60,154
13,116
88,202
0,27
19,71
19,186
42,229
6,107
41,474
53,140
25,202
3,40
0,47
2,5
90,740
54,159
41,95
2,19
2,32
33,449
42,117
62,124
57,84
18,145
25,56
0,7
6,109
188,368
20,127
10,178
30,253
1,12
24,127
15,60
109,264
10,200
39,246
0,20
1,36
12,338
0,40
20,132
148,133
2,5
16,246
0,15
17,86
0,1
25,145
1,4
0,2
4,9
29,320
35,216
6,13
41,234
74,212
17,31
3,10
13,194
27,307
0,3
8,8
46,92
66,530
0,2
6,69
8,399
15,37
52,157
66,296
12,233
8,123
61,64
45,179
5,15
18,260
68,268
5,17
22,483
2,14
0,2
88,203
8,126
9,59
32,124
21,64
3,50
68,202
5,23
7,20
53,358
0,8
98,175
38,80
42,134
20,39
9,49
7,12
0,3
1,9
23,304
2,50
12,98
27,276
38,244
242,356
10,43
0,4
5,54
0,26
0,8
7,56
37,176
1,28
3,19
10,141
7,9
11,143
3,22
6,60
43,149
34,155
62,299
19,49
15,213
37,388
38,130
75,209
19,88
30,313
32,175
35,122
7,30
1,39
0,46
0,10
6,20
3,11
28,102
3,24
2,25
20,58
6,19
0,2
0,5
2,122
39,151
10,72
1,28
193,346
22,135
1,11
279,324
0,16
6,32
109,531
0,7
51,412
6,68
15,252
150,332
83,170
1,2
7,86
47,133
56,236
27,98
4,67
18,477
18,71
19,112
32,156
105,719
73,162
57,315
38,85
54,299
1,9
14,34
45,138
68,220
121,256
49,72
9,119
1,45
0,30
129,488
0,2
7,145
3,184
6,65
5,47
50,285
3,18
0,6
0,10
4,8
130,811
47,121
13,53
69,163
195,316
22,53
10,199
58,354
78,463
6,20
37,149
17,73
3,16
41,230
6,17
40,155
10,44
5,73
11,25
42,252
6,120
85,167
36,348
49,490
25,76
7,15
3,89
44,256
33,195
2,45
4,184
23,132
28,233
6,78
7,49
1,4
106,217
6,99
169,225
6,23
111,312
10,40
8,372
9,163
116,186
17,287
131,260
9,315
77,246
41,52
79,286
20,173
10,66
18,116
30,139
9,48
69,223
87,288
119,351
113,258
11,241
2,3
0,21
12,46
9,55
5,21
0,2
286,400
39,150
0,10
2,57
129,239
170,261
52,414
1,27
44,113
2,17
56,331
0,15
3,23
6,93
22,194
1,9
4,15
3,11
3,14
10,60
6,97
11,21
7,49
167,282
75,395
4,43
34,96
4,57
3,106
94,726
54,160
49,445
78,487
0,6
2,4
23,117
3,26
1,5
152,343
25,110
95,352
1,238
1,1
40,108
36,514
11,270
190,309
17,242
30,209
0,13
21,700
112,298
3,18
20,570
237,210
47,399
21,84
56,129
13,95
14,6
0,4
74,404
2,4
34,329
43,90
32,204
12,429
0,1
203,378
2,18
68,385
9,267
117,331
0,21
8,346
23,127
43,625
3,39
25,70
54,184
17,282
5,42
30,89
55,276
218,319
25,73
85,214
5,92
17,234
4,127
2,32
3,15
14,125
3,30
3,14
83,231
1,3
74,120
37,108
52,139
88,218
0,3
4,95
180,342
2,7
105,323
44,136
114,472
67,291
1,5
11,261
4,5
1,30
14,56
1,6
3,14
117,287
9,69
36,172
41,239
40,180
47,182
1,11
11,48
65,199
0,3
3,49
1,4
4,8
1,2
0,7
13,148
13,86
1,6
44,486
223,361
4,8
37,231
92,266
0,11
118,263
169,225
1,5
14,42
1,2
52,240
68,413
0,5
18,128
2,36
77,127
65,241
73,211
3,18
45,222
169,321
53,66
0,20
85,204
6,369
4,55
7,86
87,348
49,264
71,330
20,412
96,220
12,31
63,148
9,33
112,746
0,3
54,144
276,408
8,29
14,48
12,62
79,131
40,105
2,32
3,0
0,7
4,91
48,702
16,248
4,207
171,178
81,484
18,583
5,39
60,168
33,159
15,46
95,697
63,255
10,74
47,81
0,49
19,72
1,2
6,1
55,226
30,71
1,46
33,210
224,184
17,361
49,544
25,64
10,52
43,160
7,164
0,21
13,17
96,638
0,5
38,177
2,30
0,17
6,33
145,134
21,69
0,11
2,15
235,435
12,83
21,186
59,323
69,256
0,36
2,30
0,7
0,6
55,148
169,190
24,137
15,166
34,248
10,195
13,665
3,142
3,38
51,177
68,445
5,9
57,236
124,525
0,3
4,38
3,387
3,510
40,147
15,223
1,6
2,38
21,93
66,184
238,491
50,236
103,711
28,83
136,665
114,265
22,325
1,0
33,210
6,12
65,448
37,110
57,407
10,140
5,8
2,25
18,143
4,16
231,291
41,153
1,16
15,292
72,353
120,222
2,6
122,227
6,57
17,63
17,101
68,475
0,50
15,148
28,102
30,98
23,159
59,175
3,35
1,34
126,141
10,135
52,165
9,228
6,111
2,10
11,257
68,231
0,21
20,162
80,419
46,124
6,40
0,6
4,135
15,664
0,1
125,252
0,2
34,119
91,886
14,176
6,53
0,1
46,147
20,93
8,70
0,11
108,205
1,19
153,279
5,60
10,100
40,125
9,85
5,5
15,169
19,113
4,61
0,1
4,4
31,206
4,13
27,70
31,101
98,324
49,126
5,267
69,156
13,133
17,153
23,172
40,210
91,189
2,54
48,95
12,61
24,130
8,13
55,343
8,56
1,6
44,122
161,365
75,208
70,297
38,142
9,94
32,649
14,71
69,200
133,256
0,8
9,38
1,5
13,71
4,74
82,256
317,230
23,123
92,193
2,95
186,193
19,174
48,327
31,169
5,64
2,82
165,314
38,613
34,180
18,72
27,320
46,181
6,52
63,128
120,249
17,80
26,68
1,7
0,17
29,217
2,3
2,8
39,89
20,331
28,178
49,196
74,198
106,304
77,244
43,226
13,118
55,212
27,45
36,166
6,38
15,355
1,7
95,137
36,168
0,8
93,209
1,23
11,273
60,177
15,120
280,347
1,51
120,681
0,7
23,320
115,257
3,58
85,358
11,49
43,108
13,145
4,26
7,9
1,7
9,23
6,100
39,421
5,65
189,234
0,9
101,212
15,598
35,468
32,64
0,5
13,110
20,130
3,41
39,99
88,484
21,129
17,25
21,194
10,162
90,162
14,359
25,154
13,127
0,3
0,4
3,105
95,230
16,45
28,282
4,231
134,235
25,515
11,67
170,201
15,32
35,231
39,652
69,168
79,92
8,136
9,64
86,183
26,85
24,492
9,4
3,11
22,111
31,283
5,25
89,318
13,30
7,4
2,8
0,15
10,285
29,159
293,324
18,31
7,27
0,6
6,31
247,390
5,7
16,452
6,274
0,3
94,206
5,48
16,206
0,5
52,119
1,3
46,506
8,70
30,118
77,207
10,134
20,282
83,620
30,164
2,55
9,37
10,21
15,108
5,23
1,0
181,162
19,178
6,206
1,48
31,313
50,168
23,158
42,159
0,13
0,39
1,5
41,45
23,246
0,2
11,115
0,4
24,208
55,212
46,435
15,462
3,18
3,83
258,348
56,174
1,3
0,6
6,9
77,201
54,170
129,184
11,154
5,71
62,233
0,33
3,150
2,4
62,449
16,150
3,21
43,163
14,32
37,106
112,193
39,121
0,3
0,17
56,492
100,352
5,11
235,227
62,216
26,99
40,164
1,16
2,5
43,185
27,166
110,166
185,240
7,294
24,161
59,258
24,65
13,75
17,151
0,18
0,2
42,115
16,134
9,79
127,184
19,564
157,235
90,168
15,82
3,20
7,59
16,202
4,18
0,5
96,242
39,209
1,9
8,52
147,293
48,237
53,701
13,153
1,9
33,159
110,177
10,20
27,215
47,132
79,512
55,136
39,292
72,177
40,200
3,55
12,74
0,5
1,50
0,20
3,9
0,2
159,316
0,13
1,10
11,18
168,298
1,8
25,61
71,171
31,240
162,197
44,86
7,126
21,197
2,10
12,143
0,3
7,99
0,5
0,3
9,63
82,176
8,63
44,111
34,313
1,46
3,9
58,222
168,272
8,76
0,14
2,30
132,244
14,39
69,82
49,266
1,15
13,128
48,323
13,37
6,161
54,217
0,2
1,6
3,6
6,104
19,211
20,153
1,16
3,6
0,7
40,146
1,124
0,5
13,465
66,228
33,157
80,129
1,41
5,68
24,713
2,76
12,61
1,13
63,490
21,64
38,108
21,255
1,23
0,2
0,2
0,5
4,13
10,62
3,17
7,111
61,172
30,455
1,14
6,35
8,70
4,32
4,13
0,18
11,170
5,149
4,168
10,104
23,178
27,204
7,24
43,700
0,3
3,108
0,2
188,268
59,198
1,27
4,48
0,25
6,35
0,21
81,186
0,2
148,232
1,7
19,50
3,27
19,104
197,245
63,208
1,7
26,168
9,55
0,7
31,192
5,87
23,104
59,315
64,176
18,77
6,26
5,61
0,8
69,227
1,262
13,49
31,39
61,397
25,58
1,2
123,548
23,88
35,86
13,309
6,10
78,172
0,3
48,108
7,36
1,8
88,337
5,310
12,109
40,115
69,365
1,4
7,33
5,2
15,80
0,2
34,117
30,332
16,77
0,16
15,143
1,19
31,166
6,46
9,68
17,38
73,464
0,4
48,163
1,46
6,43
3,59
26,82
6,34
96,127
0,1
0,3
117,265
88,137
0,4
12,226
45,180
0,8
1,28
9,25
24,138
1,11
196,317
0,1
1,38
4,263
7,98
121,130
3,39
54,88
2,10
29,151
35,78
2,2
29,195
2,3
21,71
49,638
39,177
73,210
0,2
3,13
17,174
6,15
4,10
90,775
50,514
248,338
76,122
18,127
104,125
37,158
0,3
73,230
2,6
34,224
71,185
19,61
7,15
1,32
27,425
13,79
39,120
7,23
148,247
10,50
70,163
45,339
14,283
16,72
10,70
1,5
33,266
1,26
223,247
4,14
9,128
7,16
1,2
76,402
1,4
174,260
117,184
94,151
37,122
24,287
8,147
55,257
78,153
3,55
3,2
4,241
54,127
1,10
17,177
122,192
1,11
7,20
69,264
27,221
0,3
8,102
65,168
30,190
0,1
0,102
2,24
1,178
18,44
1,53
61,593
61,171
13,133
13,103
12,20
8,124
77,248
49,163
18,191
0,1
1,71
18,32
18,242
4,25
38,154
4,137
8,118
7,61
4,34
9,60
51,157
47,84
62,122
0,3
2,8
2,1
66,182
30,220
265,375
257,355
11,118
87,527
15,222
0,5
32,139
3,46
32,68
19,149
9,86
64,456
30,111
17,579
22,106
20,73
7,90
10,163
0,8
16,156
26,155
59,129
68,456
31,50
7,25
77,168
7,60
25,41
8,90
1,11
50,113
15,84
12,63
0,3
9,118
1,198
31,156
66,134
37,139
4,66
59,107
15,155
2,34
0,10
30,95
31,203
99,223
10,15
9,8
37,144
6,19
65,172
1,8
2,11
49,551
3,6
6,12
31,71
7,19
1,9
18,384
7,38
16,422
22,65
8,23
2,86
2,13
21,114
74,495
0,28
3,162
43,104
27,120
6,99
9,49
1,36
26,187
35,452
74,374
21,718
64,423
56,438
0,2
16,89
3,70
12,55
33,102
64,125
2,3
47,194
44,150
19,102
3,42
2,73
22,82
16,53
20,143
28,95
97,749
16,75
12,27
7,190
37,69
28,134
5,44
42,134
12,52
10,10
6,4
4,19
0,2
36,86
0,4
8,101
0,1
91,183
22,160
6,256
5,69
7,83
10,144
4,212
69,229
1,69
5,11
3,1
5,58
108,292
3,104
43,183
295,278
14,33
1,2
0,1
1,3
40,633
73,104
35,397
2,9
16,158
11,50
10,171
15,79
3,111
129,185
11,270
14,195
19,74
1,15
147,243
16,54
9,459
7,39
39,121
6,24
54,166
14,446
54,360
0,2
47,374
11,17
23,158
10,292
4,22
66,174
0,6
3,153
2,32
3,19
6,54
56,154
209,357
66,151
125,144
5,30
4,5
18,418
18,49
43,92
55,156
15,251
13,198
9,178
65,320
0,93
14,115
7,43
191,356
35,113
0,8
99,308
141,202
12,114
30,109
106,311
23,123
73,221
73,206
9,41
24,115
36,91
2,108
105,221
19,257
54,355
44,107
1,4
8,75
14,197
61,176
1,17
28,220
68,160
73,178
1,5
0,4
12,189
71,381
2,64
14,200
156,141
20,108
100,206
6,29
227,496
9,259
53,303
13,41
63,356
10,72
74,180
28,173
181,317
83,122
6,30
1,2
113,200
30,144
71,168
39,135
139,104
79,179
7,223
17,68
70,534
5,237
23,54
2,28
22,261
106,615
48,157
2,22
1,155
6,34
28,106
31,178
0,6
9,78
157,365
2,47
23,361
6,155
1,7
2,12
104,380
3,61
33,377
36,107
11,61
6,130
32,262
6,7
21,26
31,144
60,270
56,310
110,746
11,134
3,5
2,4
2,24
56,195
2,1
119,290
2,23
55,241
24,265
1,11
8,309
94,206
10,64
49,132
3,162
7,42
62,111
3,291
19,265
1,26
8,77
0,28
74,157
153,200
62,150
0,6
0,7
171,216
23,168
2,27
20,95
164,226
45,545
70,413
0,14
10,32
34,192
0,13
6,188
6,44
180,414
86,725
5,80
193,275
43,139
68,176
0,1
1,5
12,451
3,150
33,201
8,16
2,9
7,94
16,131
49,128
82,265
19,502
221,339
4,16
38,87
29,144
10,49
0,1
16,159
21,330
2,14
11,37
2,7
5,29
7,78
2,0
15,44
7,21
47,157
13,170
138,140
126,146
19,71
21,531
5,22
30,283
18,281
2,7
43,110
5,11
1,34
1,4
33,692
129,195
25,177
18,23
5,172
0,10
91,382
7,100
10,145
67,289
6,22
1,62
23,250
2,8
23,119
33,137
18,189
7,52
17,78
15,114
16,501
5,44
122,261
0,4
191,244
0,9
2,9
13,112
2,74
10,93
3,24
167,249
49,565
53,70
59,171
4,43
0,13
8,41
53,433
21,68
84,130
0,20
255,327
5,85
22,148
12,27
1,11
42,177
4,47
8,138
5,99
33,220
102,184
3,4
3,165
61,281
61,238
232,361
170,191
1,33
1,19
0,9
15,211
113,287
56,344
25,478
13,103
0,2
0,2
12,66
0,2
14,344
111,142
0,2
28,80
9,32
41,313
3,68
1,9
73,80
88,403
9,378
0,3
0,9
78,184
73,332
68,202
0,1
98,143
82,757
27,498
94,179
213,473
0,6
13,415
20,109
41,672
1,4
30,35
0,9
0,3
11,78
63,169
44,174
25,186
13,41
15,190
19,200
1,87
41,476
95,620
8,100
69,329
47,265
113,299
36,86
55,624
4,2
83,209
0,6
0,16
25,284
81,591
4,31
53,201
10,40
124,350
0,4
101,232
73,209
15,144
37,117
25,77
53,94
2,6
12,28
2,5
5,37
130,767
1,2
2,4
80,158
12,103
76,177
6,83
6,31
1,9
18,98
8,17
139,180
1,20
54,206
50,183
77,179
71,323
56,172
78,170
79,453
6,10
5,193
34,137
3,156
31,152
109,159
20,661
7,10
251,244
51,130
11,22
2,91
81,326
15,461
61,188
123,278
49,156
0,7
24,258
27,170
11,108
45,240
42,135
1,6
33,288
46,100
65,208
30,94
70,316
21,116
30,54
4,172
24,75
6,128
64,197
25,473
81,240
37,222
10,5
35,82
190,274
7,99
5,16
135,224
15,64
51,185
24,346
9,168
66,306
87,818
14,43
3,87
27,170
149,227
21,462
71,101
1,7
2,28
17,146
27,206
177,215
92,293
2,18
2,7
82,141
4,43
0,5
2,97
0,6
12,212
21,168
6,65
10,61
27,440
66,708
0,40
5,9
24,89
13,31
34,628
0,8
5,18
25,153
178,243
0,36
31,164
3,47
18,186
108,205
1,16
143,235
22,119
0,9
33,483
83,525
23,137
5,85
25,200
33,73
60,268
14,145
138,260
120,247
0,5
11,311
23,185
5,8
1,13
151,429
4,44
164,324
0,3
4,6
8,31
206,253
0,31
0,20
2,11
66,88
4,80
5,8
25,66
44,337
2,31
7,32
9,42
12,82
2,23
8,354
5,150
3,17
0,1
0,4
41,129
77,150
0,5
0,1
23,204
71,167
5,14
31,93
105,726
4,31
19,181
3,30
2,36
4,11
17,130
114,319
0,2
1,74
3,14
12,52
26,161
0,3
19,127
2,15
33,659
54,133
5,136
35,43
17,368
0,1
4,172
1,11
0,7
6,78
17,186
53,125
17,19
1,14
84,318
66,445
12,46
110,215
49,160
7,46
31,254
5,129
39,167
64,317
4,34
3,35
9,117
41,518
98,129
81,211
12,175
30,354
2,24
39,166
18,61
72,537
32,157
8,88
30,208
63,141
37,145
283,278
2,15
15,80
2,104
2,3
6,79
144,258
12,546
19,334
55,289
187,169
67,230
1,17
2,36
21,74
65,117
266,400
0,3
0,6
7,225
9,17
54,171
76,146
3,8
1,29
33,497
14,68
1,52
11,194
24,64
58,248
0,69
20,33
2,13
3,5
40,228
2,35
30,189
11,377
194,287
12,251
13,62
1,10
1,30
37,281
7,329
4,94
5,30
27,146
49,155
47,378
29,80
0,4
1,35
13,46
142,202
12,30
26,45
1,68
117,183
71,329
17,247
28,594
13,53
45,240
0,26
33,202
2,4
3,21
50,129
115,297
0,5
30,67
92,334
117,266
0,8
3,130
9,19
106,430
9,39
27,207
21,143
66,334
48,689
3,25
8,95
3,52
0,1
262,361
21,452
50,179
64,230
16,150
11,104
12,58
8,171
17,404
19,107
35,156
4,5
4,46
40,184
42,125
11,19
5,17
5,16
0,3
18,126
51,93
3,4
40,421
247,510
191,314
17,88
5,82
0,5
5,77
14,327
9,55
102,213
1,51
11,251
19,41
3,10
13,200
0,104
1,0
39,155
27,45
25,128
0,8
21,177
22,156
2,146
5,1
25,26
25,236
6,5
32,106
19,189
28,147
41,113
2,33
21,63
24,288
2,52
8,110
24,156
8,99
54,191
123,229
51,240
9,69
16,269
27,109
66,128
96,180
27,578
107,123
15,191
0,6
23,220
91,464
16,232
10,135
28,780
24,240
11,33
17,544
0,3
2,22
36,160
5,39
142,232
3,159
101,219
0,4
56,156
6,153
69,187
4,13
75,174
43,142
4,84
2,24
63,280
0,19
3,28
3,76
5,39
83,191
1,2
6,112
47,131
19,190
10,294
6,69
26,225
80,343
1,4
45,328
2,5
68,157
50,218
34,123
69,397
40,54
72,355
184,277
34,156
9,18
56,262
13,49
11,17
1,21
12,11
2,34
3,6
8,244
36,115
31,119
7,10
3,53
23,176
214,332
7,29
53,197
76,222
8,20
15,112
25,128
10,362
42,286
49,194
39,241
1,11
1,49
4,10
1,7
43,180
8,92
133,272
0,33
18,142
81,101
0,20
40,228
5,211
3,16
7,80
65,173
71,152
47,409
27,603
162,214
5,27
85,163
18,163
28,161
83,189
2,26
0,28
45,169
128,244
107,193
3,141
51,255
10,76
22,72
42,186
29,184
24,180
27,174
71,213
13,343
25,112
10,144
0,9
2,35
18,463
8,118
11,171
9,409
6,29
34,353
32,70
26,126
24,221
16,120
4,51
45,185
2,278
1,4
0,13
4,29
18,222
0,16
45,288
5,23
28,139
16,97
55,325
0,3
5,59
3,22
34,145
25,176
36,154
2,54
14,487
52,288
253,329
64,237
1,6
1,41
27,59
19,26
37,112
3,76
33,119
25,249
0,24
21,220
1,1
42,77
15,81
14,138
23,185
7,111
50,138
42,209
0,2
18,41
131,133
0,45
50,128
27,377
4,228
6,23
29,142
102,207
0,4
47,171
0,9
7,29
30,138
0,1
0,51
1,7
9,114
32,113
21,188
10,291
37,206
174,163
15,70
18,235
4,58
78,602
6,59
68,219
104,103
13,470
8,77
27,94
13,11
1,63
101,462
46,189
1,61
18,61
2,1
22,197
9,23
120,220
3,50
41,220
22,114
98,509
48,639
3,55
0,1
11,34
12,97
14,150
14,184
2,4
9,70
13,77
5,16
89,161
51,227
6,77
21,72
66,451
6,13
42,124
5,5
27,221
81,219
2,11
9,81
2,23
68,99
0,6
21,126
1,16
6,84
19,268
1,6
26,180
19,70
18,670
94,214
5,62
46,85
8,86
6,9
235,173
5,16
0,28
4,4
0,80
80,201
55,228
20,174
2,57
16,283
97,697
51,110
29,94
26,92
25,104
18,42
235,342
42,208
2,13
72,507
1,88
63,244
13,98
40,302
9,83
14,41
31,367
1,123
44,190
11,66
1,3
24,417
53,146
12,191
3,2
8,144
50,281
16,103
31,403
47,432
1,10
111,85
0,46
4,22
19,46
8,5
43,221
43,114
180,224
45,306
47,148
16,96
1,19
19,100
82,736
22,142
2,18
0,6
85,342
0,2
4,21
8,132
11,59
5,119
3,14
16,708
71,164
13,372
14,124
41,73
49,217
63,173
42,190
5,15
35,386
69,641
56,484
2,192
21,100
46,111
54,146
18,103
61,216
61,127
0,5
0,18
57,228
227,273
36,204
15,52
18,100
173,238
48,127
42,631
4,65
0,15
5,88
19,393
12,13
0,6
29,193
24,297
4,36
3,5
17,137
2,363
5,47
6,32
0,11
29,70
2,27
3,28
0,6
32,85
62,239
5,107
45,59
14,81
54,669
3,15
41,66
0,12
0,43
52,375
3,4
13,205
0,5
54,319
63,175
1,6
20,148
94,118
0,20
62,527
15,73
5,7
11,89
1,74
91,199
13,128
29,79
116,218
5,4
0,17
6,494
107,860
47,595
24,97
33,158
9,31
14,50
46,588
48,115
4,26
18,120
55,357
6,218
87,557
4,110
13,23
71,211
31,65
28,405
39,126
0,16
5,6
36,241
15,9
2,9
26,289
1,27
0,3
33,101
12,169
147,576
2,31
2,34
72,89
0,1
0,5
1,34
177,243
3,115
7,59
1,13
48,268
31,91
42,121
111,253
214,316
28,178
289,355
1,25
24,130
38,213
0,4
7,44
11,179
0,27
68,320
9,32
17,160
7,49
61,195
21,34
142,224
2,7
6,116
23,112
308,403
29,369
0,12
33,128
15,299
0,10
18,150
15,44
61,109
3,18
109,262
17,308
63,151
3,11
1,40
11,186
11,361
0,17
35,121
38,103
68,160
3,90
13,133
13,174
19,76
15,53
2,135
0,5
2,9
3,8
19,88
60,213
29,56
3,108
1,12
10,74
4,8
32,149
14,114
1,16
2,16
52,103
26,336
218,303
213,458
13,80
74,168
3,48
3,48
1,10
4,62
7,23
45,181
61,177
5,9
61,198
1,4
45,154
0,13
28,266
0,2
33,155
4,9
46,236
9,278
37,703
20,202
60,176
18,118
61,165
12,332
0,1
0,1
3,21
173,405
32,116
2,31
44,143
36,282
11,85
47,183
21,55
93,213
0,39
1,3
10,139
10,62
72,619
8,76
1,47
13,51
0,38
158,228
24,247
18,91
1,11
33,76
15,54
20,350
6,178
0,11
2,16
16,130
32,117
82,137
6,86
17,147
3,36
37,88
22,87
3,8
3,123
10,263
7,95
185,270
21,169
94,560
110,703
66,181
102,202
59,190
4,16
1,3
16,102
90,524
3,53
3,11
2,29
25,106
42,68
30,238
0,22
10,200
132,215
11,91
16,188
12,75
9,148
46,157
29,118
38,42
0,19
78,510
9,57
143,144
35,243
186,235
4,39
8,177
5,9
13,83
0,3
34,259
15,123
14,193
18,27
7,261
3,92
37,90
5,276
63,193
38,117
40,744
7,15
44,232
5,6
126,186
5,7
22,123
13,118
113,298
25,123
107,158
0,9
67,337
0,19
0,8
13,10
18,58
1,10
1,154
99,120
0,5
2,4
24,97
1,5
2,96
90,302
66,214
19,76
0,3
1,19
62,324
5,24
51,208
4,130
62,157
50,177
0,24
9,101
13,359
27,136
11,118
17,65
5,22
4,19
19,35
0,2
51,233
4,9
1,11
326,252
297,405
78,126
40,201
30,211
25,227
80,489
36,136
16,563
1,4
3,95
0,7
28,356
55,362
1,2
41,217
33,85
2,1
96,262
3,147
2,107
59,180
249,208
61,398
83,598
3,5
7,21
0,3
119,231
0,2
36,284
19,97
13,125
0,2
1,73
1,0
25,127
8,18
76,170
13,13
11,33
46,111
26,500
148,197
1,3
15,74
92,192
103,240
6,39
16,5
51,148
32,178
30,233
133,719
0,21
13,512
49,199
80,240
27,86
49,155
9,108
53,266
215,342
7,38
2,26
83,470
11,108
62,280
128,232
5,6
22,104
6,302
0,22
1,6
12,97
45,225
22,147
60,146
0,6
14,66
197,290
2,13
69,141
40,220
24,543
7,35
45,497
9,118
90,209
61,193
42,257
0,6
64,758
34,89
63,162
6,5
0,25
27,113
0,3
59,129
2,34
11,115
7,55
57,347
46,143
25,149
5,11
27,444
29,142
19,54
18,79
12,208
30,523
8,6
3,32
61,153
16,48
59,240
16,295
23,115
43,354
4,36
16,70
30,190
31,286
102,303
60,115
10,223
74,320
8,144
0,5
10,11
36,347
24,188
25,210
10,53
10,11
66,196
33,318
0,1
2,70
40,132
58,125
43,486
36,93
18,324
9,162
63,143
149,360
8,161
15,88
36,106
1,68
291,358
281,372
39,180
7,14
16,50
16,280
73,149
49,564
2,3
18,142
19,103
50,143
22,131
14,240
27,328
18,165
206,474
55,428
2,9
1,3
43,184
34,473
29,121
0,10
36,155
0,8
12,114
3,43
19,131
21,68
1,24
37,101
15,153
16,67
29,75
1,32
66,350
1,5
250,418
75,135
61,116
129,302
7,55
2,4
165,145
0,17
84,838
3,48
111,601
7,252
6,107
2,30
1,6
4,22
57,197
26,94
88,325
17,90
37,305
4,8
49,694
10,49
11,208
49,153
77,640
80,130
5,37
67,136
6,18
16,67
44,208
3,14
5,21
9,80
28,104
97,160
8,381
275,369
79,532
69,186
6,128
12,141
3,10
173,329
28,62
15,104
15,53
17,185
39,69
1,4
26,86
62,127
22,79
0,4
5,13
65,179
4,30
51,135
5,9
70,127
27,51
6,39
1,6
3,23
205,223
7,70
2,1
166,114
10,176
7,186
9,56
2,10
145,254
212,289
57,339
245,383
0,3
61,122
28,121
54,152
12,69
75,93
95,199
21,298
154,160
0,6
183,289
8,47
49,154
90,514
1,9
13,95
12,110
0,2
96,265
5,102
4,7
7,16
2,55
14,16
0,26
3,123
41,189
3,109
7,10
1,4
21,200
46,183
56,90
11,97
24,60
81,242
34,250
3,108
26,127
44,97
25,218
9,44
131,230
95,331
0,24
29,305
18,71
46,328
33,216
5,139
9,80
260,366
47,139
42,89
0,4
1,11
11,210
19,169
1,7
69,194
36,332
2,33
27,201
34,89
0,12
46,103
0,4
2,92
1,7
0,5
23,97
5,21
11,376
0,6
1,15
18,116
34,150
6,8
13,52
42,285
90,333
83,463
1,5
19,105
30,124
30,97
34,106
15,76
3,28
162,295
54,299
77,192
14,38
1,96
17,270
33,116
37,105
7,15
5,208
0,115
27,181
2,8
22,253
18,675
49,469
0,8
84,196
47,119
1,31
0,4
18,103
25,480
102,519
10,95
7,30
135,239
14,174
2,54
21,59
16,271
0,1
0,2
15,284
138,211
63,272
5,62
57,149
2,34
30,70
20,384
40,208
3,36
0,4
2,7
29,112
41,130
11,18
25,450
167,374
67,134
13,408
32,436
67,313
13,21
15,105
62,77
26,147
0,30
254,391
31,117
61,195
6,88
2,34
195,191
2,4
28,117
32,108
87,459
65,146
9,9
1,78
9,50
5,136
1,24
19,80
20,286
327,377
19,134
46,352
0,2
59,143
11,418
0,4
38,199
15,303
19,53
53,166
38,157
1,9
75,131
43,167
22,64
18,239
37,143
70,659
13,35
90,486
139,368
10,65
3,8
148,126
199,272
10,132
0,4
42,255
133,217
2,40
4,21
20,85
2,10
3,13
59,244
18,154
132,179
72,539
260,355
191,287
18,444
18,407
3,36
26,61
1,1
33,369
18,75
3,102
260,348
59,195
41,211
5,20
42,286
6,101
14,80
0,53
7,56
32,118
59,221
14,92
24,150
28,287
5,50
27,383
14,220
80,298
6,109
77,172
25,338
0,7
9,88
35,227
41,251
96,153
0,5
17,64
3,50
62,151
0,10
17,119
96,219
52,545
7,171
62,238
44,178
12,330
4,10
27,368
69,167
51,715
0,1
2,6
32,121
3,21
30,112
11,170
32,104
27,85
48,214
15,67
150,237
114,206
304,420
1,6
1,22
33,149
0,13
0,2
2,3
35,71
139,282
32,111
5,34
52,133
108,762
8,252
36,114
34,175
0,20
5,31
78,194
30,253
26,219
6,199
270,228
3,192
0,24
27,168
3,1
0,5
61,88
27,99
26,82
66,226
1,0
7,49
24,274
25,105
3,7
8,14
85,162
8,19
111,224
4,118
25,104
2,10
37,127
3,8
4,40
12,147
8,24
63,208
148,207
6,58
3,4
3,10
41,204
89,268
57,83
36,104
1,7
98,247
30,66
73,118
66,525
1,98
102,175
2,8
12,193
14,52
33,171
17,96
5,18
6,55
40,95
0,3
0,2
32,54
29,161
1,5
79,182
23,259
31,85
20,148
4,152
68,403
21,421
0,49
6,109
9,56
32,182
273,434
3,7
81,584
12,86
56,500
179,209
56,271
108,243
31,167
13,181
45,441
2,9
251,309
199,216
12,48
15,41
0,3
34,70
56,373
21,183
0,28
22,111
55,176
243,383
1,16
9,11
121,572
108,224
8,90
59,128
1,9
0,1
45,186
16,79
41,415
149,214
10,64
67,171
11,29
24,165
86,451
2,4
3,75
0,4
7,108
1,25
26,651
27,93
6,112
84,329
95,276
61,107
70,190
0,13
41,198
52,264
33,806
56,160
15,101
16,448
25,163
15,90
9,62
15,365
15,103
0,36
25,96
7,106
0,3
60,130
4,116
10,34
6,167
46,226
12,229
32,534
0,1
1,20
28,267
16,56
174,299
4,83
63,151
65,250
28,67
25,203
66,119
34,124
7,154
17,413
27,141
16,73
63,160
24,126
1,2
57,377
1,4
161,253
12,81
72,276
1,184
7,25
45,200
9,489
4,86
6,152
3,33
2,4
9,88
17,140
89,368
21,247
3,50
0,4
15,331
4,13
54,308
0,6
1,35
63,41
8,174
21,27
69,355
5,99
108,252
78,137
54,201
54,315
226,436
1,7
20,209
0,8
8,20
10,159
40,210
35,189
37,142
6,8
4,6
1,20
42,183
3,13
13,47
9,90
1,16
43,43
21,92
19,500
42,62
39,88
59,133
14,102
10,14
2,8
53,166
1,60
0,17
2,107
4,9
16,248
19,118
8,131
27,224
117,291
66,139
30,110
6,53
34,83
74,234
0,2
28,281
45,254
14,45
59,204
2,2
3,28
4,53
3,8
6,50
0,12
12,67
2,8
5,84
2,2
31,123
20,446
8,108
9,15
99,188
0,9
59,225
4,68
83,93
7,13
205,284
6,220
46,139
4,64
2,11
46,442
17,296
27,59
0,5
0,4
59,485
25,199
31,273
33,248
42,168
1,22
0,99
2,19
12,29
5,106
23,58
3,35
0,22
1,5
77,181
50,185
62,170
4,72
112,179
12,83
91,167
8,53
27,164
164,209
4,15
5,129
20,141
12,49
0,3
275,330
32,145
4,21
0,2
120,269
153,481
67,162
115,216
42,374
3,32
0,5
4,23
0,2
1,1
0,9
1,7
9,223
67,198
18,95
1,28
13,43
59,206
34,146
0,41
1,14
66,152
85,406
14,56
3,32
30,432
2,16
9,18
15,223
79,189
36,121
2,92
8,56
11,224
0,36
71,397
125,334
0,9
81,209
16,49
51,598
118,172
4,19
1,20
72,202
98,299
17,93
23,136
28,89
69,222
46,58
35,310
0,10
60,223
23,102
0,25
15,299
154,235
0,4
76,225
22,183
3,2
7,147
3,15
14,66
81,300
0,28
35,51
0,26
51,162
68,260
14,283
51,135
35,86
2,2
15,80
6,155
13,48
60,237
9,110
105,183
20,48
33,308
17,42
57,198
39,139
22,98
18,44
39,98
226,369
1,20
17,546
0,29
11,32
1,16
9,148
57,206
0,6
19,285
72,269
30,293
7,129
0,7
193,258
26,666
23,84
3,10
45,202
7,19
14,55
56,139
5,24
36,110
0,7
16,33
37,180
19,248
1,0
3,9
0,8
42,134
24,107
0,3
1,24
55,130
0,3
3,25
70,244
31,448
32,392
1,3
9,232
6,9
0,6
3,37
86,344
51,264
10,144
174,229
94,688
46,287
26,105
5,17
40,175
1,71
46,94
9,51
1,6
176,244
0,16
0,17
19,64
19,142
3,10
1,24
46,292
5,31
50,270
22,374
4,7
31,377
89,310
84,195
51,172
17,248
2,19
0,49
31,251
0,10
24,539
61,333
0,7
49,220
28,319
202,289
18,50
21,199
10,308
39,86
173,335
14,47
66,96
16,386
15,129
2,39
65,176
6,102
2,96
2,11
0,7
1,6
0,39
0,9
20,109
6,11
1,4
37,167
2,8
35,411
4,30
15,505
168,262
242,230
16,190
8,144
1,6
24,38
91,312
0,2
31,88
181,302
19,56
0,37
7,220
45,662
105,271
295,288
23,75
37,97
31,275
0,6
46,117
0,52
40,251
17,173
21,202
7,21
125,254
100,224
3,172
58,171
28,368
49,443
2,14
2,43
2,81
203,399
17,100
27,126
2,3
20,328
26,174
2,6
2,46
52,580
7,54
6,8
267,347
12,83
52,170
1,5
5,26
21,78
77,203
0,3
19,282
35,145
2,2
30,112
37,188
1,26
38,162
8,49
1,1
4,13
9,155
3,24
1,45
10,93
0,7
13,55
0,9
0,8
10,254
167,282
6,49
33,118
11,399
62,193
2,183
155,210
7,138
7,218
13,30
4,40
0,10
2,99
79,402
14,137
1,42
19,41
119,223
108,242
8,52
19,53
118,373
206,291
48,148
61,191
50,227
58,190
85,715
43,162
200,362
21,218
73,320
2,10
7,102
0,5
19,639
2,3
50,383
19,146
17,137
3,10
13,504
76,255
39,336
28,391
17,18
16,155
30,115
17,267
72,179
2,14
0,3
11,175
2,17
5,12
0,8
19,59
12,69
76,424
37,663
25,196
13,43
32,201
55,141
4,81
0,6
0,4
1,5
29,291
182,230
0,5
195,209
2,4
0,39
40,288
50,293
28,175
0,4
2,7
138,351
9,120
3,12
5,60
96,670
33,178
74,270
30,180
42,111
7,256
8,45
14,172
3,83
34,262
25,95
108,288
74,258
4,413
6,104
48,511
2,28
5,5
76,185
0,83
19,307
225,410
13,123
23,189
3,6
8,36
0,13
5,62
99,114
21,68
39,119
41,346
44,97
11,52
42,214
1,14
355,288
2,64
36,137
1,27
2,17
4,161
0,6
21,387
3,140
19,84
22,66
0,31
7,378
226,292
5,68
1,1
37,417
32,120
25,98
22,571
41,245
14,207
52,225
16,96
3,17
12,110
41,68
11,34
1,3
50,115
111,206
84,152
5,134
58,256
0,4
1,109
16,531
33,131
3,68
12,306
3,9
56,385
80,150
67,524
1,6
63,257
9,11
1,5
31,471
2,8
0,6
8,39
8,148
4,4
0,4
13,18
2,2
15,29
59,88
24,146
9,45
7,94
20,89
38,779
1,8
3,37
8,17
13,223
19,504
99,253
6,7
262,234
7,198
49,120
0,6
3,30
4,83
15,149
35,260
7,165
36,102
4,114
43,127
30,111
104,291
72,144
31,73
33,131
35,151
5,82
11,99
41,664
190,357
14,168
0,1
18,51
5,12
1,94
8,168
5,252
42,112
186,218
56,232
45,156
7,89
28,152
44,88
10,125
0,8
36,131
10,89
139,661
109,454
8,89
1,42
133,339
9,178
4,9
0,2
0,2
50,152
60,228
12,130
0,3
91,387
31,205
27,148
1,3
83,484
0,1
1,3
58,98
13,59
27,443
2,30
13,114
18,90
2,54
5,55
63,160
104,787
33,67
2,26
28,138
100,322
0,4
5,59
16,39
62,388
1,34
30,440
0,10
32,150
72,529
240,109
33,350
88,196
207,351
9,81
9,53
145,213
16,11
10,241
2,6
7,275
145,262
0,2
42,123
1,58
42,117
21,112
1,23
101,542
48,156
310,400
26,67
0,2
38,693
3,107
57,251
59,148
23,354
28,100
27,150
25,93
26,503
27,161
24,90
124,193
69,117
19,237
2,17
7,117
15,209
4,16
11,118
128,207
30,65
4,25
33,185
7,94
2,6
26,86
0,61
17,168
6,25
16,30
4,221
45,130
20,104
11,5
22,197
0,7
26,126
37,90
3,4
123,169
2,11
39,127
21,177
19,97
35,189
2,4
17,50
0,300
4,216
55,199
1,1
85,190
2,30
0,41
53,140
110,227
14,228
6,35
46,167
183,326
23,70
171,309
37,297
33,129
79,364
25,151
51,139
85,177
5,95
64,162
8,152
12,178
196,295
14,121
33,203
12,74
6,8
20,442
2,15
0,9
14,207
1,5
0,19
0,3
220,474
8,172
4,25
128,375
35,163
5,64
5,32
1,6
10,62
71,232
2,4
10,39
0,2
19,150
268,342
6,22
1,2
8,71
0,5
34,338
1,42
11,29
5,25
3,24
0,46
25,45
37,139
14,111
0,10
0,32
1,6
1,3
6,196
66,142
2,24
5,5
7,22
49,237
0,24
6,3
0,9
9,70
13,150
45,104
2,13
46,107
187,258
172,210
57,240
32,97
68,436
150,270
94,216
19,150
6,138
95,173
12,105
0,3
31,84
29,139
21,122
66,102
2,99
49,115
9,133
59,139
93,123
74,159
34,62
23,85
90,169
16,166
18,88
33,170
8,18
1,16
225,401
196,350
77,187
48,107
27,179
99,437
50,241
6,7
103,176
36,647
2,58
12,160
52,275
9,45
0,7
12,393
34,615
9,152
50,158
59,238
8,78
0,80
5,16
11,33
64,463
58,190
22,107
6,44
12,49
17,136
8,57
4,32
11,83
17,82
5,45
23,136
3,15
4,11
0,5
11,51
11,473
168,802
6,26
0,19
13,29
16,148
7,109
2,15
20,47
50,157
49,209
0,24
14,426
68,180
12,304
0,4
145,257
9,54
49,150
1,6
13,514
183,376
12,16
51,138
6,70
0,7
17,72
14,79
27,278
14,49
15,80
5,381
5,146
42,114
235,405
0,6
4,19
19,79
30,108
6,127
3,23
12,121
18,163
78,192
45,298
42,228
1,73
0,18
137,172
36,122
26,153
142,185
15,121
54,540
2,122
1,3
31,102
144,213
49,186
53,196
9,22
47,243
11,61
3,6
0,3
5,79
16,147
19,76
51,154
51,119
20,127
4,32
0,2
3,48
1,7
45,140
7,102
70,85
81,584
121,142
6,87
48,265
18,207
1,38
6,69
17,51
1,79
1,4
1,5
3,74
31,211
22,125
66,467
22,359
93,180
1,29
3,5
2,38
41,391
74,451
7,201
40,248
3,24
232,323
24,46
81,662
46,99
61,316
52,144
1,151
31,75
76,294
49,119
11,37
11,3
171,223
26,148
0,7
30,292
191,271
11,25
11,74
6,186
124,688
49,155
9,340
10,94
7,48
0,40
1,44
4,119
51,161
1,1
1,28
0,5
25,112
144,233
0,17
2,6
19,135
23,251
23,233
36,132
8,90
1,6
6,204
22,146
52,226
27,106
11,221
64,277
5,15
0,2
21,81
34,356
1,70
49,109
0,11
13,62
143,296
179,170
33,195
128,200
70,176
7,83
48,178
87,188
8,127
18,75
3,23
310,450
53,103
64,149
0,3
1,7
100,263
0,1
37,92
0,42
9,115
7,165
150,147
25,96
3,14
22,150
0,3
13,29
126,264
13,330
26,191
0,3
34,223
48,120
46,241
8,57
25,116
0,22
34,119
0,40
1,44
0,2
7,199
16,188
34,64
73,410
59,122
0,10
8,7
64,156
3,53
24,236
30,302
13,19
18,39
40,98
1,7
78,312
48,186
0,64
5,43
27,207
0,12
0,5
35,147
20,604
1,2
37,174
1,21
221,354
362,381
20,123
2,32
238,304
112,268
91,361
50,183
6,114
66,455
127,141
0,4
0,12
20,82
224,200
101,744
104,389
1,5
195,380
19,122
52,77
21,141
115,260
77,215
1,6
16,132
9,8
3,67
1,8
137,447
12,79
7,19
2,38
118,245
6,67
81,144
4,17
16,100
56,146
34,144
6,95
258,323
1,17
1,2
11,42
2,8
0,8
78,280
52,133
2,34
37,110
3,44
214,221
0,15
0,7
7,88
13,213
54,343
23,349
11,27
4,15
32,224
2,2
3,17
54,111
1,27
26,176
22,67
28,733
3,91
135,153
5,60
25,154
30,458
4,12
4,28
34,166
4,59
6,175
4,30
40,113
30,123
22,302
25,53
67,469
1,22
74,309
47,122
1,62
17,21
44,171
5,72
2,19
145,348
0,1
131,332
25,381
90,323
3,9
48,209
12,387
5,11
0,1
7,284
2,9
35,277
11,244
5,115
3,12
115,185
12,554
1,3
44,126
14,83
74,267
10,63
325,366
16,60
75,589
55,85
25,648
0,6
31,161
34,40
49,181
2,3
21,86
96,511
0,18
13,52
6,116
12,137
31,278
98,346
22,115
5,6
68,260
147,190
0,2
62,211
48,134
44,143
21,180
25,126
24,777
4,12
41,144
5,15
16,120
15,120
46,171
1,19
23,9
67,379
38,470
6,25
36,99
7,12
85,442
29,332
47,169
3,83
62,116
18,63
14,75
7,60
1,6
7,84
29,79
18,106
0,3
42,132
47,290
7,4
10,59
0,40
9,232
47,97
1,9
58,269
3,97
71,205
27,57
46,269
47,284
48,196
82,123
114,208
12,120
24,159
23,162
236,408
23,197
1,19
47,76
0,5
22,168
91,163
5,21
53,117
151,279
0,3
14,97
145,221
41,99
1,35
0,11
41,108
27,355
59,215
0,1
1,18
4,52
21,93
83,168
5,40
11,233
81,222
47,177
31,129
148,230
19,629
88,368
88,264
4,21
2,23
8,49
2,3
87,242
17,48
41,229
3,3
113,350
85,119
1,9
102,394
89,300
18,60
50,236
0,2
4,1
6,23
86,192
2,16
7,119
28,216
29,142
23,151
56,194
10,38
88,241
37,125
120,249
0,45
14,127
3,40
26,120
27,394
1,68
3,38
4,113
3,5
12,209
15,65
8,131
21,559
1,89
0,5
72,176
0,1
120,269
4,195
12,354
0,7
1,10
153,214
66,166
32,157
64,228
0,26
117,328
11,68
50,366
0,8
1,71
132,317
4,16
35,161
35,250
42,103
164,249
13,279
92,111
23,93
27,115
3,49
0,6
15,244
15,474
53,130
7,28
88,277
2,3
60,239
8,26
2,202
0,1
70,247
88,289
13,102
28,56
5,22
0,71
3,8
8,100
62,298
68,478
31,87
14,40
33,209
55,92
282,346
8,30
50,147
20,197
0,8
36,134
19,116
31,328
32,138
28,124
26,302
7,106
1,3
56,252
26,81
14,118
5,10
6,67
63,795
3,51
0,9
9,125
0,15
21,190
3,97
9,93
3,44
25,81
24,183
31,483
28,284
7,146
23,450
184,258
58,217
34,114
16,93
11,95
1,2
56,142
0,16
47,138
65,155
31,191
37,114
2,118
36,85
6,343
53,393
4,20
4,358
39,183
9,46
10,80
36,100
128,283
4,346
15,122
293,366
2,88
0,4
25,330
71,251
9,211
193,190
11,46
180,275
7,2
7,44
13,79
3,6
98,573
29,81
21,90
0,11
4,43
67,170
24,108
1,26
57,128
24,103
0,2
0,3
40,265
31,312
163,226
14,56
256,229
51,95
7,39
2,4
23,157
40,255
9,152
4,72
0,4
11,53
27,189
2,4
87,340
8,60
111,699
55,249
3,128
45,131
0,2
4,42
3,1
2,61
85,189
287,354
6,21
30,85
5,86
47,47
1,55
9,102
24,142
9,53
25,393
5,69
4,52
72,201
1,8
1,25
85,467
1,3
142,189
8,129
54,191
0,2
6,56
68,222
2,20
12,209
10,87
1,35
10,102
2,14
38,110
71,767
1,11
22,77
53,190
22,76
0,4
44,127
4,61
7,49
0,44
5,49
116,176
3,55
17,321
4,0
6,6
110,628
27,140
31,137
3,33
4,28
85,369
209,215
6,128
1,17
0,3
20,183
27,81
15,133
0,4
0,20
48,217
2,7
5,5
16,148
14,161
31,121
28,203
5,25
56,220
11,271
1,4
55,114
47,204
6,36
21,425
105,276
24,124
2,10
26,389
3,285
9,248
6,3
0,11
53,111
10,145
6,130
65,599
30,99
4,89
84,87
102,260
3,22
168,224
2,86
3,16
3,25
3,45
4,13
53,114
63,77
0,32
2,37
0,11
6,75
8,10
27,116
13,495
1,5
5,151
198,341
55,127
34,265
21,182
33,197
18,123
49,222
9,11
3,174
23,144
19,188
11,134
20,164
27,79
6,93
5,11
19,377
27,400
32,137
24,214
1,14
70,402
53,237
0,68
3,10
71,182
22,188
12,530
4,201
39,250
50,169
11,33
32,288
0,7
267,372
69,145
26,758
0,25
15,79
2,3
6,273
3,8
33,192
0,4
56,147
5,112
1,10
15,158
9,280
7,16
40,352
248,370
8,25
83,756
18,117
46,252
20,165
12,84
16,38
32,187
4,38
21,166
222,196
177,148
2,47
72,658
54,116
0,7
46,266
24,143
8,49
12,313
41,263
107,193
37,210
9,35
3,15
2,26
36,199
26,73
9,130
4,46
0,4
1,17
1,37
17,96
49,159
29,86
68,202
85,228
0,8
24,42
6,45
14,84
3,90
0,21
1,9
0,3
31,489
68,498
18,210
55,337
26,536
73,207
0,24
1,0
10,190
9,28
17,28
8,76
20,218
81,416
1,60
4,19
243,292
98,205
3,20
164,330
7,47
33,234
72,652
4,54
1,4
279,347
120,202
0,4
0,28
3,28
12,37
35,199
10,21
3,122
12,34
85,269
3,212
0,30
70,344
2,35
89,296
24,150
5,20
33,127
7,19
3,12
96,215
52,187
9,77
67,358
8,42
120,238
180,161
0,20
148,288
3,72
29,160
65,463
10,114
3,67
123,634
217,446
18,137
254,370
4,25
11,425
3,35
16,219
88,227
1,12
72,180
0,1
17,72
153,343
1,9
1,62
26,164
8,112
38,136
6,75
0,8
11,94
84,228
122,364
19,214
3,22
6,13
1,9
20,108
0,2
28,123
7,63
125,279
41,116
0,3
88,229
0,4
0,12
0,10
26,306
81,231
0,6
79,445
9,101
17,241
23,250
8,54
1,4
19,310
33,212
2,5
17,72
52,272
106,245
3,105
4,11
3,33
4,31
55,247
4,4
4,184
36,104
0,5
11,53
0,36
221,155
183,299
0,19
8,64
28,103
26,219
3,107
67,177
1,2
81,177
257,358
248,290
42,193
13,24
132,192
0,1
49,248
5,65
1,42
266,388
11,29
0,5
77,822
3,95
21,79
0,40
51,408
22,125
4,42
0,14
17,88
2,11
69,212
62,361
2,7
15,65
0,2
5,26
61,92
20,73
51,139
4,91
0,5
132,211
49,214
27,89
0,37
0,1
14,193
3,99
3,15
45,111
5,50
14,84
15,16
108,263
4,7
45,120
4,17
23,89
100,234
14,64
19,48
31,378
2,14
70,172
20,207
0,29
0,2
12,131
216,186
4,7
47,229
10,49
36,75
180,356
5,46
4,17
21,158
10,143
94,223
3,39
15,92
1,1
19,126
35,90
172,256
13,386
66,431
84,216
0,2
28,100
25,107
27,75
65,472
70,311
18,220
9,67
21,95
1,10
16,194
9,126
37,75
33,173
38,140
18,103
38,148
22,64
42,96
0,2
67,115
48,437
6,135
6,18
97,154
6,57
325,390
15,191
14,141
14,73
0,3
2,8
64,262
2,4
27,190
48,224
6,22
22,112
31,177
8,376
76,247
3,12
13,81
3,87
1,6
6,273
0,3
8,185
40,98
12,40
0,1
2,58
0,10
17,448
2,147
68,242
10,94
20,257
13,55
66,223
0,38
0,72
19,96
4,516
78,93
38,114
97,172
3,97
102,101
0,33
7,175
66,216
10,563
58,184
4,47
72,222
53,150
63,123
5,131
3,38
9,168
6,10
0,4
0,3
20,54
12,125
102,280
36,302
3,144
0,6
31,230
42,194
105,670
1,4
11,108
0,2
12,59
28,293
41,415
8,102
150,278
13,378
49,129
55,426
8,245
13,41
1,2
16,146
16,86
1,36
71,214
0,9
27,80
13,71
42,120
78,626
9,42
84,396
45,325
1,0
0,3
34,171
19,119
24,207
9,110
67,188
4,6
7,116
46,183
5,85
17,57
2,44
54,334
29,408
22,75
10,148
52,111
14,74
16,38
3,2
4,28
8,105
90,228
60,242
6,28
2,14
13,21
69,149
2,68
51,137
4,132
64,266
0,3
225,193
0,6
4,21
20,116
98,170
54,224
10,93
84,199
12,108
35,325
12,60
48,159
1,3
0,4
26,105
59,98
61,111
7,144
12,19
11,16
141,236
142,96
103,384
22,105
8,29
47,170
39,234
0,11
18,48
8,33
54,218
15,69
11,240
28,186
54,335
1,25
1,101
148,260
19,48
70,495
13,155
5,139
77,273
1,56
6,24
105,316
51,205
5,17
13,249
35,97
21,316
151,177
91,173
25,137
43,171
13,163
59,271
0,5
62,175
139,243
2,12
13,60
58,318
129,230
19,100
16,345
1,1
11,98
4,9
5,119
16,163
3,4
48,226
13,58
13,94
61,223
7,18
8,259
74,166
28,149
109,627
1,4
2,4
6,27
15,100
13,360
20,142
10,189
16,162
141,241
1,12
8,29
3,78
127,214
6,70
2,31
1,17
6,35
177,278
93,684
36,95
48,89
127,744
18,62
112,242
53,174
17,73
38,138
173,245
30,195
3,34
1,3
78,167
6,14
1,64
45,155
4,30
30,188
20,137
77,235
13,283
6,17
3,14
34,124
35,238
27,326
0,34
32,84
40,122
0,3
16,406
0,21
5,459
72,150
1,3
12,130
3,43
175,246
111,679
0,5
16,51
2,13
4,98
6,62
3,1
12,294
22,393
2,8
6,7
17,157
5,251
18,64
0,10
32,107
47,252
57,159
41,333
12,94
55,271
52,193
0,139
5,28
149,300
4,8
40,299
57,483
14,69
0,23
3,47
122,314
1,28
2,22
130,140
7,39
97,257
100,691
31,116
4,4
0,33
0,5
7,119
25,97
236,439
89,346
4,58
254,249
1,49
2,13
0,31
60,516
93,191
2,75
5,135
2,69
0,1
2,247
2,48
2,2
251,214
6,7
122,371
1,4
66,180
6,63
2,49
3,5
33,79
174,127
194,391
0,5
8,56
14,5
0,5
2,77
116,582
1,31
1,91
74,150
1,6
79,394
48,189
206,353
44,153
27,87
90,248
0,1
41,301
111,220
6,80
84,100
8,170
34,139
11,23
9,116
4,39
16,102
2,22
0,1
33,73
96,236
0,7
58,239
12,162
19,119
20,109
80,137
78,200
14,110
16,94
4,50
68,192
0,3
5,32
63,155
20,62
17,86
88,93
22,221
53,125
2,136
2,3
36,273
12,19
1,5
1,5
36,100
256,315
1,30
75,277
52,143
28,106
2,39
26,480
97,787
44,746
191,253
18,53
6,148
30,90
1,3
1,3
5,33
59,206
139,267
52,181
23,153
4,13
23,163
13,219
58,512
38,96
90,449
13,130
34,158
34,267
9,53
4,6
5,3
20,129
7,7
206,192
49,108
128,178
166,314
238,305
246,316
16,57
8,116
74,110
74,195
7,87
11,85
7,121
20,427
9,629
299,268
43,137
15,68
14,269
31,586
0,4
2,8
37,132
20,199
2,2
107,345
15,79
17,409
3,42
0,2
15,213
48,232
175,276
19,712
29,65
44,94
24,77
11,238
2,83
19,53
40,73
10,43
20,96
5,123
3,15
94,484
23,139
8,71
7,45
139,260
58,66
25,279
32,95
0,8
21,68
22,177
23,83
8,27
8,84
61,244
150,320
59,126
34,112
5,9
1,164
18,249
18,73
15,317
2,22
17,97
75,107
1,10
2,45
38,115
1,6
15,381
73,301
4,19
27,66
23,200
1,20
2,40
0,3
7,184
11,162
13,37
37,618
12,113
47,176
109,723
30,153
1,4
40,414
10,59
1,2
41,703
110,558
49,129
25,428
69,157
1,8
70,173
3,40
40,39
2,20
170,143
55,63
15,81
0,10
19,162
1,14
0,6
7,24
88,175
13,102
10,43
124,225
182,409
14,139
1,30
4,4
10,23
2,15
16,111
2,42
11,64
17,198
0,3
6,27
140,303
36,470
52,208
1,49
13,397
76,160
95,460
5,108
201,232
42,202
0,22
4,65
2,24
2,48
55,104
13,77
167,276
38,85
14,493
5,4
2,32
3,3
12,176
17,134
22,91
0,11
4,53
2,12
51,243
1,20
68,381
3,24
106,248
8,349
78,238
15,39
4,140
8,184
12,62
15,437
94,488
65,139
27,150
3,13
75,159
0,11
187,269
63,178
0,14
146,216
23,130
4,8
45,317
9,7
1,89
52,126
1,3
258,389
1,7
10,41
24,227
156,149
4,16
4,24
19,159
4,164
18,61
35,800
10,214
0,54
4,210
27,240
4,23
31,508
0,8
15,139
6,36
0,14
29,137
31,89
7,19
2,81
104,487
16,79
54,191
10,39
2,24
1,37
6,127
5,106
97,216
5,362
22,171
57,106
17,229
1,31
7,30
56,164
9,87
2,40
51,435
34,151
6,130
103,279
54,180
24,120
31,84
58,149
55,86
2,63
3,14
52,527
0,20
0,4
7,93
1,40
1,24
1,4
0,2
104,218
92,474
4,3
5,12
145,212
61,304
0,5
23,109
1,6
12,16
9,259
6,24
23,133
3,12
19,271
27,133
30,140
11,169
27,110
0,44
108,152
3,124
2,28
5,33
132,233
