instant,atemp,casual,cnt,dteday,holiday,hum,mnth,registered,season,temp,weathersit,weekday,windspeed,workingday,yr
23,0.0988391,150,986,2011-01-23,0,0.436522,1,836,1,0.0965217,1,0,0.2466,0,0
114,0.551763,1710,4191,2011-04-24,0,0.810833,4,2481,2,0.581667,2,0,0.192175,0,0
660,0.456429,2132,6824,2012-10-21,0,0.51,10,4692,4,0.464167,1,0,0.166054,0,1
53,0.186033,74,1450,2011-02-22,0,0.577778,2,1376,1,0.182222,1,2,0.195683,1,0
110,0.564392,613,3944,2011-04-20,0,0.614167,4,3331,2,0.595,1,3,0.241925,1,0
91,0.283454,307,2227,2011-04-01,0,0.68625,4,1920,2,0.3,2,5,0.258708,1,0
128,0.518933,1401,4333,2011-05-08,0,0.631667,5,2932,2,0.528333,1,0,0.0746375,0,0
363,0.263892,254,2423,2011-12-29,0,0.574167,12,2169,1,0.248333,1,4,0.119412,1,0
251,0.555361,153,1842,2011-09-08,0,0.939565,9,1689,3,0.633913,3,4,0.192748,1,0
310,0.362358,952,3649,2011-11-06,0,0.734583,11,2697,4,0.348333,1,0,0.0920542,0,0
247,0.665429,2521,4940,2011-09-04,0,0.742083,9,2419,3,0.709167,1,0,0.206467,0,0
214,0.707071,801,4845,2011-08-02,0,0.49125,8,4044,3,0.783333,1,2,0.20585,1,0
429,0.303021,710,3423,2012-03-04,0,0.403333,3,2713,1,0.325833,1,0,0.334571,0,1
117,0.575142,547,3872,2011-04-27,0,0.835417,4,3325,2,0.62,2,3,0.3122,1,0
547,0.687508,1455,5687,2012-06-30,0,0.60125,6,4232,3,0.765,1,6,0.161071,0,1
144,0.604813,659,4492,2011-05-24,0,0.740833,5,3833,2,0.66,2,2,0.207092,1,0
718,0.409708,433,5557,2012-12-18,0,0.66625,12,5124,4,0.410833,1,2,0.221404,1,1
567,0.613025,747,5870,2012-07-20,0,0.844167,7,5123,3,0.665833,2,5,0.208967,1,1
120,0.464021,1965,5312,2011-04-30,0,0.503333,4,3347,2,0.4725,1,6,0.235075,0,0
504,0.551121,1521,7639,2012-05-18,0,0.523333,5,6118,2,0.564167,1,5,0.136817,1,1
729,0.2424,159,1341,2012-12-29,0,0.752917,12,1182,1,0.253333,2,6,0.124383,0,1
219,0.715292,1298,3785,2011-08-07,0,0.752917,8,2487,3,0.7425,1,0,0.201487,0,0
695,0.257583,309,2424,2012-11-25,0,0.468333,11,2115,4,0.245833,1,0,0.1505,0,1
475,0.493046,846,6565,2012-04-19,0,0.6125,4,5719,2,0.498333,1,4,0.0659292,1,1
140,0.529042,909,4917,2011-05-20,0,0.719583,5,4008,2,0.536667,1,5,0.125013,1,0
308,0.403392,470,4046,2011-11-04,0,0.6225,11,3576,4,0.403333,2,5,0.271779,1,0
483,0.452637,1014,6233,2012-04-27,0,0.400833,4,5219,2,0.4575,1,5,0.347633,1,1
55,0.289191,100,1807,2011-02-24,0,0.697391,2,1707,1,0.295652,2,4,0.250496,1,0
441,0.436229,548,4378,2012-03-16,0,0.842083,3,3830,1,0.435833,2,5,0.113192,1,1
662,0.530304,841,7466,2012-10-23,0,0.641667,10,6625,4,0.544167,1,2,0.0945458,1,1
255,0.60213,690,4713,2011-09-12,0,0.692174,9,4023,3,0.644348,1,1,0.088913,1,0
331,0.4558,810,3071,2011-11-27,0,0.698333,11,2261,4,0.459167,1,0,0.208954,0,0
129,0.525246,664,4362,2011-05-09,0,0.58875,5,3698,2,0.5325,1,1,0.176,1,0
530,0.611117,1173,7421,2012-06-13,0,0.582083,6,6248,2,0.655833,1,3,0.343279,1,1
631,0.610488,2512,8395,2012-09-22,0,0.646667,9,5883,3,0.65,1,6,0.283583,0,1
551,0.732337,2562,7403,2012-07-04,1,0.53875,7,4841,3,0.789167,1,3,0.13495,0,1
649,0.503142,780,7691,2012-10-10,0,0.630833,10,6911,4,0.514167,1,3,0.187821,1,1
701,0.316904,951,5191,2012-12-01,0,0.806667,12,4240,4,0.298333,2,6,0.0597042,0,1
646,0.419813,781,3510,2012-10-07,0,0.708333,10,2729,4,0.415833,2,0,0.141162,0,1
476,0.515775,1340,7290,2012-04-20,0,0.694583,4,5950,2,0.526667,1,5,0.149871,1,1
534,0.571975,2634,6978,2012-06-17,0,0.59875,6,4344,2,0.5925,1,0,0.144904,0,1
438,0.542929,762,5847,2012-03-13,0,0.6175,3,5085,1,0.565,1,2,0.23695,1,1
324,0.457058,787,3520,2011-11-20,0,0.684583,11,2733,4,0.463333,2,0,0.18595,0,0
439,0.548617,997,6312,2012-03-14,0,0.507083,3,5315,1,0.5725,1,3,0.115062,1,1
373,0.340258,599,3425,2012-01-08,0,0.465,1,2826,1,0.3375,1,0,0.191542,0,1
332,0.490122,253,3867,2011-11-28,0,0.743043,11,3614,4,0.503478,1,1,0.142122,1,0
623,0.594083,1379,8009,2012-09-14,0,0.6725,9,6630,3,0.633333,1,5,0.103863,1,1
33,0.254417,72,1526,2011-02-02,0,0.775417,2,1454,1,0.26,2,3,0.264308,1,0
132,0.523363,695,4864,2011-05-12,0,0.7475,5,4169,2,0.535,1,4,0.189667,1,0
535,0.544842,653,5099,2012-06-18,0,0.777917,6,4446,2,0.568333,2,1,0.174746,1,1
380,0.161625,284,2311,2012-01-15,0,0.419167,1,2027,1,0.166667,1,0,0.251258,0,1
605,0.654688,989,6917,2012-08-27,0,0.730417,8,5928,3,0.703333,1,1,0.128733,1,1
719,0.342162,333,5267,2012-12-19,0,0.625417,12,4934,4,0.3325,1,3,0.184092,1,1
340,0.4564,126,2594,2011-12-06,0,0.949583,12,2468,4,0.4625,3,2,0.232583,1,0
706,0.258204,340,5375,2012-12-06,0,0.50875,12,5035,4,0.255833,1,4,0.174754,1,1
501,0.576404,625,5115,2012-05-15,0,0.794583,5,4490,2,0.611667,2,2,0.147392,1,1
423,0.357954,253,4322,2012-02-27,0,0.490833,2,4069,1,0.366667,1,1,0.268033,1,1
274,0.412863,480,2429,2011-10-01,0,0.75375,10,1949,4,0.41,2,6,0.292296,0,0
185,0.665417,3065,6043,2011-07-04,1,0.637917,7,2978,3,0.726667,2,1,0.0814792,0,0
5,0.22927,82,1600,2011-01-05,0,0.436957,1,1518,1,0.226957,1,3,0.1869,1,0
28,0.223317,38,1167,2011-01-28,0,0.793043,1,1129,1,0.203478,2,5,0.1233,1,0
619,0.565654,1118,7525,2012-09-10,0,0.50375,9,6407,3,0.583333,1,1,0.258713,1,1
369,0.119337,95,2368,2012-01-04,0,0.414583,1,2273,1,0.1075,2,3,0.1847,1,1
420,0.410971,246,3487,2012-02-24,0,0.7375,2,3241,1,0.4075,2,5,0.237567,1,1
277,0.472858,486,4456,2011-10-04,0,0.71,10,3970,4,0.484167,1,2,0.205854,1,0
105,0.441913,642,3126,2011-04-15,1,0.67125,4,2484,2,0.446667,1,5,0.226375,0,0
313,0.409079,305,4109,2011-11-09,0,0.758333,11,3804,4,0.4,1,3,0.0621958,1,0
123,0.582079,603,4451,2011-05-03,0,0.697083,5,3848,2,0.616667,2,2,0.342667,1,0
477,0.542921,2541,6624,2012-04-21,0,0.682917,4,4083,2,0.57,1,6,0.283587,0,1
42,0.213509,149,1746,2011-02-11,0,0.506364,2,1597,1,0.189091,1,5,0.10855,1,0
320,0.451988,145,1817,2011-11-16,0,0.93,11,1672,4,0.456667,3,3,0.136829,1,0
153,0.643942,736,4968,2011-06-02,0,0.305,6,4232,2,0.715,1,4,0.292287,1,0
178,0.637004,854,4708,2011-06-27,0,0.658333,6,3854,3,0.6825,2,1,0.107588,1,0
323,0.324483,943,3663,2011-11-19,0,0.502083,11,2720,4,0.329167,1,6,0.224496,0,0
538,0.752542,778,5905,2012-06-21,0,0.567917,6,5127,3,0.805833,1,4,0.118787,1,1
248,0.625646,1236,3351,2011-09-05,1,0.790417,9,2115,3,0.673333,2,1,0.212696,0,0
50,0.391404,532,1635,2011-02-19,0,0.187917,2,1103,1,0.399167,1,6,0.507463,0,0
548,0.750629,1421,5531,2012-07-01,0,0.51875,7,4110,3,0.815833,1,0,0.168529,0,1
514,0.6793,2557,6043,2012-05-28,1,0.67625,5,3486,2,0.7125,1,1,0.196521,0,1
95,0.39835,167,1795,2011-04-05,0,0.642083,4,1628,2,0.414167,2,2,0.388067,1,0
485,0.450121,2229,6304,2012-04-29,0,0.587083,4,4075,2,0.458333,1,0,0.116908,0,1
608,0.652779,1172,7713,2012-08-30,0,0.590417,8,6541,3,0.706667,1,4,0.0771167,1,1
88,0.292908,317,2425,2011-03-29,0,0.314167,3,2108,2,0.3025,1,2,0.226996,1,0
645,0.538521,3031,7965,2012-10-06,0,0.664167,10,4934,4,0.554167,1,6,0.268025,0,1
82,0.337939,203,2121,2011-03-23,0,0.839565,3,1918,2,0.346957,2,3,0.234261,1,0
377,0.381938,269,4097,2012-01-12,0,0.802917,1,3828,1,0.3825,2,4,0.180967,1,1
49,0.511983,579,2927,2011-02-18,0,0.516667,2,2348,1,0.521667,1,5,0.264925,1,0
10,0.150888,41,1321,2011-01-10,0,0.482917,1,1280,1,0.150833,1,1,0.223267,1,0
657,0.512625,1008,7509,2012-10-18,0,0.728333,10,6501,4,0.5225,2,4,0.236937,1,1
465,0.476638,905,5585,2012-04-09,0,0.3175,4,4680,2,0.489167,1,1,0.358196,1,1
467,0.337274,482,4862,2012-04-11,0,0.469565,4,4380,2,0.348696,1,3,0.295274,1,1
225,0.645858,1504,4150,2011-08-13,0,0.729583,8,2646,3,0.685833,2,6,0.211454,0,0
664,0.529688,875,7359,2012-10-25,0,0.800417,10,6484,4,0.55,2,4,0.124375,1,1
137,0.538529,678,4123,2011-05-17,0,0.837917,5,3445,2,0.561667,2,2,0.277354,1,0
612,0.661629,1965,6034,2012-09-03,1,0.790833,9,4069,3,0.7075,1,1,0.151121,0,1
382,0.364278,127,2935,2012-01-17,0,0.716087,1,2808,1,0.373043,2,2,0.34913,1,1
398,0.398971,190,3761,2012-02-02,0,0.672917,2,3571,1,0.399167,2,4,0.187187,1,1
83,0.270833,166,1865,2011-03-24,0,0.805833,3,1699,2,0.285,2,4,0.243787,1,0
264,0.550533,539,4352,2011-09-21,0,0.9,9,3813,3,0.595,2,3,0.0964042,1,0
245,0.604808,875,4727,2011-09-02,0,0.727083,9,3852,3,0.643333,2,5,0.139929,1,0
461,0.431163,1192,6457,2012-04-05,0,0.374167,4,5265,2,0.435,1,4,0.219529,1,1
361,0.327633,103,1162,2011-12-27,0,0.7625,12,1059,1,0.325,2,2,0.18845,1,0
463,0.426129,3252,6857,2012-04-07,0,0.254167,4,3605,2,0.4375,1,6,0.274871,0,1
241,0.607958,729,4634,2011-08-29,0,0.554583,8,3905,3,0.636667,1,1,0.159825,1,0
286,0.551804,290,2913,2011-10-13,0,0.896667,10,2623,4,0.589167,2,4,0.141787,1,0
374,0.247479,106,2376,2012-01-09,0,0.701667,1,2270,1,0.224167,2,1,0.0989,1,1
118,0.578929,569,4058,2011-04-28,0,0.700833,4,3489,2,0.6175,2,4,0.320908,1,0
261,0.490537,1353,4274,2011-09-18,0,0.695,9,2921,3,0.5075,1,0,0.178483,0,0
237,0.645854,435,3542,2011-08-25,0,0.771667,8,3107,3,0.684167,2,4,0.210833,1,0
194,0.689404,748,4342,2011-07-13,0,0.631667,7,3594,3,0.746667,1,3,0.146133,1,0
456,0.421708,2301,6235,2012-03-31,0,0.738333,3,3934,2,0.424167,2,6,0.250617,0,1
60,0.263879,137,1851,2011-03-01,0,0.535,3,1714,1,0.266667,1,2,0.216425,1,0
391,0.35605,244,4075,2012-01-26,0,0.769583,1,3831,1,0.341667,2,4,0.0733958,1,1
67,0.3024,316,2133,2011-03-08,0,0.420833,3,1817,1,0.2925,1,2,0.12065,1,0
506,0.583967,2704,7129,2012-05-20,0,0.530417,5,4425,2,0.620833,1,0,0.254367,0,1
414,0.355425,1435,4318,2012-02-18,0,0.534583,2,2883,1,0.346667,1,6,0.190929,0,1
549,0.702038,904,6227,2012-07-02,0,0.447083,7,5323,3,0.781667,1,1,0.195267,1,1
125,0.441917,614,4433,2011-05-05,0,0.444167,5,3819,2,0.459167,1,4,0.295392,1,0
197,0.638263,2418,5923,2011-07-16,0,0.585,7,3505,3,0.686667,1,6,0.208342,0,0
720,0.335217,314,4128,2012-12-20,0,0.667917,12,3814,4,0.33,2,4,0.132463,1,1
416,0.273391,502,3129,2012-02-20,1,0.507826,2,2627,1,0.28,1,1,0.229083,0,1
370,0.278412,140,3272,2012-01-05,0,0.524167,1,3132,1,0.265833,1,4,0.129987,1,1
500,0.5499,342,2843,2012-05-14,0,0.789583,5,2501,2,0.573333,2,1,0.212692,1,1
594,0.654688,1338,7605,2012-08-16,0,0.519167,8,6267,3,0.719167,1,4,0.141796,1,1
134,0.500629,902,3409,2011-05-14,0,0.9225,5,2507,2,0.520833,2,6,0.13495,0,0
201,0.74685,644,4332,2011-07-20,0,0.707083,7,3688,3,0.768333,1,3,0.113817,1,0
670,0.3611,419,5566,2012-10-31,0,0.666667,10,5147,4,0.3575,2,3,0.166667,1,1
570,0.690017,1135,6966,2012-07-23,0,0.694167,7,5831,3,0.741667,1,1,0.138683,1,1
360,0.315535,430,1317,2011-12-26,1,0.506957,12,887,1,0.321739,1,1,0.239465,0,0
707,0.321958,349,5008,2012-12-07,0,0.764167,12,4659,4,0.320833,2,5,0.1306,1,1
79,0.32575,1047,2471,2011-03-20,0,0.47375,3,1424,1,0.3325,1,0,0.207721,0,0
210,0.785967,670,3846,2011-07-29,0,0.5425,7,3176,3,0.838333,1,5,0.174138,1,0
505,0.566908,3410,8294,2012-05-19,0,0.45625,5,4884,2,0.6,1,6,0.083975,0,1
16,0.234217,251,1204,2011-01-16,0,0.48375,1,953,1,0.231667,1,0,0.188433,0,0
402,0.296426,206,3784,2012-02-06,0,0.622174,2,3578,1,0.282609,1,1,0.1538,1,1
63,0.255679,214,1944,2011-03-04,0,0.610417,3,1730,1,0.261667,2,5,0.203346,1,0
725,0.294465,440,1013,2012-12-25,1,0.734783,12,573,1,0.291304,2,2,0.168726,0,1
642,0.599133,728,7572,2012-10-03,0,0.79375,10,6844,4,0.6575,2,3,0.0665458,1,1
508,0.580825,819,6073,2012-05-22,0,0.765833,5,5254,2,0.615,2,2,0.118167,1,1
490,0.590917,1069,6296,2012-05-04,0,0.735417,5,5227,2,0.6275,1,5,0.162938,1,1
253,0.607962,1750,5345,2011-09-10,0,0.75375,9,3595,3,0.66,1,6,0.153608,0,0
723,0.259471,408,1787,2012-12-23,0,0.515417,12,1379,1,0.245833,1,0,0.133083,0,1
650,0.431167,834,7570,2012-10-11,0,0.463333,10,6736,4,0.435,1,4,0.181596,1,1
330,0.385087,1249,3068,2011-11-26,0,0.681667,11,1819,4,0.375833,1,6,0.0684208,0,0
327,0.430537,112,2566,2011-11-23,0,0.757917,11,2454,4,0.440833,2,3,0.335825,1,0
80,0.409735,401,2077,2011-03-21,0,0.737391,3,1676,2,0.430435,2,1,0.288783,1,0
139,0.510742,735,4575,2011-05-19,0,0.829583,5,3840,2,0.530833,2,4,0.108213,1,0
213,0.703292,729,4266,2011-08-01,0,0.550833,8,3537,3,0.771667,1,1,0.156717,1,0
328,0.372471,560,1495,2011-11-24,1,0.549167,11,935,4,0.373333,1,4,0.167304,0,0
497,0.520833,1319,7030,2012-05-11,0,0.360417,5,5711,2,0.533333,1,5,0.236937,1,1
13,0.150883,38,1406,2011-01-13,0,0.470417,1,1368,1,0.165,1,4,0.301,1,0
379,0.183087,333,2493,2012-01-14,0,0.4575,1,2160,1,0.18,1,6,0.187183,0,1
169,0.643954,1807,5119,2011-06-18,0,0.670417,6,3312,2,0.696667,1,6,0.119408,0,0
588,0.667942,1065,5786,2012-08-10,0,0.715833,8,4721,3,0.715833,2,5,0.238813,1,1
30,0.250322,140,1096,2011-01-30,0,0.722174,1,956,1,0.216522,1,0,0.0739826,0,0
145,0.615542,740,4978,2011-05-25,0,0.69625,5,4238,2,0.660833,1,3,0.154233,1,0
351,0.249371,275,2739,2011-12-17,0,0.560833,12,2464,4,0.258333,2,6,0.243167,0,0
553,0.752533,1366,6207,2012-07-06,0,0.450833,7,4841,3,0.828333,1,5,0.146142,1,1
639,0.517663,2015,6889,2012-09-30,0,0.583333,9,4874,4,0.526667,1,0,0.134958,0,1
528,0.659721,1017,6664,2012-06-11,0,0.587917,6,5647,2,0.720833,2,1,0.207713,1,1
677,0.274621,326,5035,2012-11-07,0,0.5475,11,4709,4,0.295833,2,3,0.304108,1,1
211,0.728537,1559,4475,2011-07-30,0,0.465833,7,2916,3,0.804167,1,6,0.168537,0,0
378,0.249362,174,3214,2012-01-13,0,0.5075,1,3040,1,0.274167,1,5,0.378108,1,1
691,0.364892,615,5146,2012-11-21,0,0.61375,11,4531,4,0.353333,1,3,0.103246,1,1
674,0.329538,1201,5107,2012-11-04,0,0.532917,11,3906,4,0.325833,1,0,0.179108,0,1
111,0.453892,745,4189,2011-04-21,0,0.407083,4,3444,2,0.459167,1,4,0.325258,1,0
72,0.380091,982,2417,2011-03-13,0,0.527391,3,1435,1,0.384348,1,0,0.270604,0,0
234,0.638254,833,4758,2011-08-22,0,0.47,8,3925,3,0.691667,1,1,0.27675,1,0
293,0.466525,471,4195,2011-10-20,0,0.63625,10,3724,4,0.475833,1,4,0.422275,1,0
610,0.702654,2352,6140,2012-09-01,0,0.638333,9,3788,3,0.753333,2,6,0.113187,0,1
452,0.315654,531,5102,2012-03-27,0,0.29,3,4571,2,0.323333,1,2,0.187192,1,1
447,0.531567,1334,6871,2012-03-22,0,0.83125,3,5537,2,0.554167,1,4,0.117562,1,1
449,0.486733,1033,3372,2012-03-24,0,0.885417,3,2339,2,0.5025,2,6,0.192783,0,1
520,0.575133,2494,7641,2012-06-03,0,0.493333,6,5147,2,0.6025,1,0,0.184087,0,1
113,0.450121,1462,4036,2011-04-23,0,0.887917,4,2574,2,0.46,2,6,0.230725,0,0
375,0.318826,173,3598,2012-01-10,0,0.646522,1,3425,1,0.308696,1,2,0.187552,1,1
355,0.428017,107,2660,2011-12-21,0,0.858333,12,2553,1,0.428333,2,3,0.2214,1,0
99,0.341529,879,2455,2011-04-09,0,0.8775,4,1576,2,0.3425,2,6,0.133083,0,0
222,0.684983,884,4780,2011-08-10,0,0.424167,8,3896,3,0.766667,1,3,0.200258,1,0
160,0.757579,563,3915,2011-06-09,0,0.568333,6,3352,2,0.808333,2,4,0.149883,1,0
390,0.294821,467,4270,2012-01-25,0,0.64375,1,3803,1,0.294167,1,3,0.161071,1,1
11,0.191464,43,1263,2011-01-11,0,0.686364,1,1220,1,0.169091,2,2,0.122132,1,0
280,0.504404,949,4985,2011-10-07,0,0.684167,10,4036,4,0.510833,1,5,0.0223917,1,0
151,0.725383,673,3982,2011-05-31,0,0.636667,5,3309,2,0.775,1,2,0.111329,1,0
252,0.578946,417,3544,2011-09-09,0,0.897917,9,3127,3,0.65,2,5,0.124379,1,0
1,0.363625,331,985,2011-01-01,0,0.805833,1,654,1,0.344167,2,6,0.160446,0,0
344,0.266412,502,3190,2011-12-10,0,0.5075,12,2688,4,0.275,1,6,0.233221,0,0
334,0.311221,188,3613,2011-11-30,0,0.613333,11,3425,4,0.325,1,3,0.271158,1,0
731,0.223487,439,2729,2012-12-31,0,0.5775,12,2290,1,0.215833,2,1,0.154846,1,1
19,0.298422,78,1650,2011-01-19,0,0.741739,1,1572,1,0.292174,2,3,0.208317,1,0
263,0.532217,438,3641,2011-09-20,0,0.88125,9,3203,3,0.561667,2,2,0.134954,1,0
269,0.589042,684,4630,2011-09-26,0,0.848333,9,3946,4,0.649167,2,1,0.1107,1,0
61,0.320071,231,2134,2011-03-02,0,0.449583,3,1903,1,0.335,1,3,0.307833,1,0
727,0.226642,247,2114,2012-12-27,0,0.652917,12,1867,1,0.254167,2,4,0.350133,1,1
157,0.621858,673,4548,2011-06-06,0,0.6,6,3875,2,0.678333,1,1,0.121896,1,0
204,0.804287,987,3285,2011-07-23,0,0.5,7,2298,3,0.849167,1,6,0.131221,0,0
705,0.428012,331,5729,2012-12-05,0,0.485,12,5398,4,0.438333,1,3,0.324021,1,1
557,0.664796,954,6290,2012-07-10,0,0.6675,7,5336,3,0.720833,2,2,0.151737,1,1
599,0.601025,1081,7006,2012-08-21,0,0.67375,8,5925,3,0.649167,1,2,0.0727708,1,1
46,0.254274,140,1815,2011-02-15,0,0.314348,2,1675,1,0.266087,1,2,0.291374,1,0
43,0.232954,288,1472,2011-02-12,0,0.544167,2,1184,1,0.2225,1,6,0.203367,0,0
552,0.761367,1405,6241,2012-07-05,0,0.457917,7,4836,3,0.8275,1,4,0.194029,1,1
130,0.522721,694,4803,2011-05-10,0,0.489167,5,4109,2,0.5325,1,2,0.115671,1,0
8,0.162254,68,959,2011-01-08,0,0.535833,1,891,1,0.165,2,6,0.266804,0,0
571,0.70645,1140,7592,2012-07-24,0,0.655,7,6452,3,0.750833,1,2,0.211454,1,1
711,0.338363,282,5501,2012-12-11,0,0.596667,12,5219,4,0.353333,2,2,0.296037,1,1
527,0.663517,2224,6598,2012-06-10,0,0.538333,6,4374,2,0.726667,1,0,0.133721,0,1
352,0.245579,220,2431,2011-12-18,0,0.58625,12,2211,4,0.238333,1,0,0.169779,0,0
52,0.284075,195,1107,2011-02-21,1,0.605,2,912,1,0.303333,2,1,0.307846,0,0
311,0.400871,373,4035,2011-11-07,0,0.75875,11,3662,4,0.395,1,1,0.057225,1,0
472,0.614925,1198,6370,2012-04-16,1,0.561667,4,5172,2,0.664167,1,1,0.284829,0,1
283,0.542925,1514,5117,2011-10-10,1,0.73375,10,3603,4,0.570833,1,1,0.0423042,0,0
397,0.466538,304,4579,2012-02-01,0,0.507917,2,4275,1,0.469167,1,3,0.189067,1,1
257,0.6269,647,4785,2011-09-14,0,0.697083,9,4138,3,0.673333,1,3,0.1673,1,0
512,0.642696,2855,6536,2012-05-26,0,0.7325,5,3681,2,0.6925,1,6,0.198992,0,1
221,0.724121,907,4602,2011-08-09,0,0.570417,8,3695,3,0.775,1,2,0.151121,1,0
493,0.527142,1008,6273,2012-05-07,0,0.664167,5,5265,2,0.5375,2,1,0.230721,1,1
122,0.532833,847,4401,2011-05-02,0,0.73,5,3554,2,0.549167,2,1,0.183454,1,0
212,0.729796,1524,4302,2011-07-31,0,0.480833,7,2778,3,0.805833,1,0,0.164813,0,0
368,0.126275,89,2236,2012-01-03,0,0.44125,1,2147,1,0.15,1,2,0.365671,1,1
507,0.565667,630,4359,2012-05-21,0,0.81125,5,3729,2,0.598333,2,1,0.233204,1,1
458,0.427513,1208,5936,2012-04-02,0,0.504348,4,4728,2,0.433913,1,1,0.312139,1,1
346,0.270196,143,3310,2011-12-12,0,0.670833,12,3167,4,0.238333,1,1,0.06345,1,0
2,0.353739,131,801,2011-01-02,0,0.696087,1,670,1,0.363478,2,0,0.248539,0,0
45,0.39835,208,1913,2011-02-14,0,0.375833,2,1705,1,0.415,1,1,0.417908,1,0
624,0.585867,3160,8714,2012-09-15,0,0.501667,9,5554,3,0.608333,1,6,0.247521,0,1
176,0.643313,1782,5202,2011-06-25,0,0.483333,6,3420,3,0.695,1,6,0.209571,0,0
322,0.272721,245,3392,2011-11-18,0,0.41,11,3147,4,0.274167,1,5,0.168533,1,0
440,0.532825,1005,6192,2012-03-15,0,0.579583,3,5187,1,0.5575,1,4,0.149883,1,1
73,0.332,359,2046,2011-03-14,0,0.496957,3,1687,1,0.325217,1,1,0.136926,1,0
381,0.190663,217,2298,2012-01-16,1,0.5225,1,2081,1,0.19,1,1,0.231358,0,1
671,0.369942,466,5986,2012-11-01,0,0.581667,11,5520,4,0.365833,2,4,0.157346,1,1
622,0.579558,1054,7804,2012-09-13,0,0.637083,9,6750,3,0.6125,1,4,0.0827208,1,1
444,0.532821,982,6153,2012-03-19,0,0.72875,3,5171,1,0.545,1,1,0.162317,1,1
678,0.341891,340,5315,2012-11-08,0,0.333478,11,4975,4,0.352174,1,4,0.347835,1,1
665,0.52275,1182,7444,2012-10-26,0,0.807083,10,6262,4,0.545833,2,5,0.132467,1,1
455,0.375621,796,5459,2012-03-30,0,0.580833,3,4663,2,0.37,2,5,0.138067,1,1
343,0.317542,261,3620,2011-12-09,0,0.695833,12,3359,4,0.290833,1,5,0.0827167,1,0
273,0.544829,830,5202,2011-09-30,0,0.6475,9,4372,4,0.564167,1,5,0.206475,1,0
218,0.676154,1521,4294,2011-08-06,0,0.755,8,2773,3,0.716667,2,6,0.22825,0,0
592,0.676779,1128,6784,2012-08-14,0,0.686667,8,5656,3,0.726667,1,2,0.169158,1,1
697,0.281558,123,3959,2012-11-27,0,0.786667,11,3836,4,0.291667,2,2,0.237562,1,1
4,0.212122,108,1562,2011-01-04,0,0.590435,1,1454,1,0.2,1,2,0.160296,1,0
434,0.397083,447,4569,2012-03-09,0,0.407083,3,4122,1,0.410833,2,5,0.4148,1,1
18,0.232333,9,683,2011-01-18,0,0.861667,1,674,1,0.216667,2,2,0.146775,1,0
415,0.265788,618,2689,2012-02-19,0,0.515833,2,2071,1,0.28,2,0,0.253112,0,1
544,0.640792,1077,7335,2012-06-27,0,0.36,6,6258,3,0.6975,1,3,0.271775,1,1
266,0.522125,258,2395,2011-09-23,0,0.9725,9,2137,4,0.609167,2,5,0.0783667,1,0
268,0.572637,1544,5010,2011-09-25,0,0.845,9,3466,4,0.634167,2,0,0.0503792,0,0
572,0.654054,1383,8173,2012-07-25,0,0.45,7,6790,3,0.724167,1,3,0.1648,1,1
314,0.373721,190,2933,2011-11-10,0,0.813333,11,2743,4,0.38,2,4,0.189067,1,0
523,0.542292,1027,7055,2012-06-06,0,0.61125,6,6028,2,0.554167,1,3,0.077125,1,1
730,0.2317,364,1796,2012-12-30,0,0.483333,12,1432,1,0.255833,1,0,0.350754,0,1
177,0.637629,1920,5305,2011-06-26,0,0.513333,6,3385,3,0.68,1,0,0.0945333,0,0
417,0.295113,163,3777,2012-02-21,0,0.594348,2,3614,1,0.287826,1,2,0.205717,1,1
667,0.467771,998,4459,2012-10-28,0,0.694583,10,3461,4,0.4775,2,0,0.398008,0,1
51,0.27733,639,1812,2011-02-20,0,0.407826,2,1173,1,0.285217,1,0,0.223235,0,0
409,0.227913,94,3422,2012-02-13,0,0.41125,2,3328,1,0.2225,1,1,0.167283,1,1
47,0.3162,218,2115,2011-02-16,0,0.423478,2,1897,1,0.318261,1,3,0.251791,1,0
724,0.2589,174,920,2012-12-24,0,0.791304,12,746,1,0.231304,2,1,0.0772304,1,1
358,0.299242,155,1011,2011-12-24,0,0.5425,12,856,1,0.3025,1,6,0.190304,0,0
84,0.256312,300,2210,2011-03-25,0,0.495,3,1910,2,0.264167,1,5,0.230725,1,0
94,0.542929,734,3115,2011-04-04,0,0.42625,4,2381,2,0.573333,1,1,0.385571,1,0
143,0.590296,836,4274,2011-05-23,0,0.81,5,3438,2,0.631667,2,1,0.233842,1,0
468,0.387604,663,5409,2012-04-12,0,0.46625,4,4746,2,0.3975,1,4,0.290429,1,1
583,0.731079,1707,5464,2012-08-05,0,0.6525,8,3757,3,0.769167,1,0,0.290421,0,1
403,0.361104,199,4375,2012-02-07,0,0.49625,2,4176,1,0.354167,1,2,0.147379,1,1
546,0.786613,829,5463,2012-06-29,0,0.48875,6,4634,3,0.834167,1,5,0.165417,1,1
618,0.578925,2570,8227,2012-09-09,0,0.5475,9,5657,3,0.61,1,0,0.224496,0,1
411,0.351629,141,4169,2012-02-15,0,0.53125,2,4028,1,0.348333,1,3,0.1816,1,1
471,0.573875,2846,7132,2012-04-15,0,0.507917,4,4286,2,0.606667,1,0,0.225129,0,1
486,0.457696,665,5572,2012-04-30,0,0.57,4,4907,2,0.464167,2,1,0.171638,1,1
288,0.498725,1899,5217,2011-10-15,0,0.483333,10,3318,4,0.506667,1,6,0.258083,0,0
652,0.391396,2252,7109,2012-10-13,0,0.494583,10,4857,4,0.393333,1,6,0.146142,0,1
533,0.594708,2963,7702,2012-06-16,0,0.504167,6,4739,2,0.631667,1,6,0.166667,0,1
74,0.318178,289,2056,2011-03-15,0,0.655652,3,1767,1,0.317391,2,2,0.184309,1,0
359,0.279961,303,754,2011-12-25,0,0.681304,12,451,1,0.274783,1,0,0.155091,0,0
215,0.679937,467,3574,2011-08-03,0,0.6575,8,3107,3,0.731667,2,3,0.135583,1,0
220,0.703283,846,4326,2011-08-08,0,0.592083,8,3480,3,0.765,1,1,0.192175,1,0
44,0.324113,397,1589,2011-02-13,0,0.457391,2,1192,1,0.316522,1,0,0.260883,0,0
689,0.375621,449,5499,2012-11-19,0,0.623333,11,5050,4,0.380833,2,1,0.235067,1,1
693,0.378779,1603,3910,2012-11-23,0,0.56875,11,2307,4,0.368333,1,5,0.148021,1,1
155,0.594696,1869,5342,2011-06-04,0,0.45625,6,3473,2,0.635,1,6,0.123142,0,0
345,0.253154,377,2743,2011-12-11,0,0.49,12,2366,4,0.220833,1,0,0.0665417,0,0
446,0.513258,1122,6230,2012-03-21,0,0.82125,3,5108,2,0.531667,2,3,0.0895583,1,1
116,0.594083,678,4400,2011-04-26,0,0.729167,4,3722,2,0.631667,1,2,0.3265,1,0
121,0.448204,1138,3351,2011-05-01,0,0.762083,5,2213,2,0.451667,2,0,0.106354,0,0
580,0.707088,983,7261,2012-08-02,0,0.659583,8,6278,3,0.7525,1,4,0.129354,1,1
282,0.523983,2397,5511,2011-10-09,0,0.7275,10,3114,4,0.540833,1,0,0.06345,0,0
432,0.3851,432,4916,2012-03-07,0,0.513333,3,4484,1,0.404167,1,3,0.345779,1,1
372,0.390779,1070,4521,2012-01-07,0,0.531667,1,3451,1,0.393333,1,6,0.174758,0,1
315,0.306817,440,3368,2011-11-11,1,0.44625,11,2928,4,0.324167,1,5,0.314675,0,0
249,0.5152,204,2710,2011-09-06,0,0.886957,9,2506,3,0.54,3,2,0.343943,1,0
698,0.289762,198,5260,2012-11-28,0,0.50625,11,5062,4,0.296667,1,3,0.210821,1,1
366,0.375621,686,2294,2012-01-01,0,0.6925,1,1608,1,0.37,1,0,0.192167,0,1
96,0.387608,413,2808,2011-04-06,0,0.470833,4,2395,2,0.390833,1,3,0.263063,1,0
184,0.668575,2282,4649,2011-07-03,0,0.6825,7,2367,3,0.716667,2,0,0.228858,0,0
492,0.546737,2135,6359,2012-05-06,0,0.74,5,4224,2,0.5625,2,0,0.149879,0,1
356,0.426121,227,3068,2011-12-22,0,0.7575,12,2841,1,0.423333,2,4,0.047275,1,0
460,0.53345,1058,6436,2012-04-04,0,0.469583,4,5378,2,0.541667,1,3,0.180975,1,1
659,0.472842,2806,8090,2012-10-20,0,0.572917,10,5284,4,0.484167,1,6,0.117537,0,1
146,0.654688,758,4677,2011-05-26,0,0.6775,5,3919,2,0.708333,1,4,0.199642,1,0
69,0.385668,46,623,2011-03-10,0,0,3,577,1,0.389091,3,4,0.261877,1,0
473,0.598487,989,6691,2012-04-17,0,0.390417,4,5702,2,0.608333,1,2,0.273629,1,1
229,0.666671,668,4694,2011-08-17,0,0.575417,8,4026,3,0.723333,1,3,0.143667,1,0
336,0.331433,268,3940,2011-12-02,0,0.625833,12,3672,4,0.314167,1,5,0.100754,1,0
15,0.248112,222,1248,2011-01-15,0,0.49875,1,1026,1,0.233333,2,6,0.157963,0,0
244,0.614921,783,5115,2011-09-01,0,0.639167,9,4332,3,0.655,1,4,0.141796,1,0
365,0.414121,665,2485,2011-12-31,0,0.615833,12,1820,1,0.41,1,6,0.220154,0,0
539,0.724121,964,5823,2012-06-22,0,0.57375,6,4859,3,0.7775,1,5,0.182842,1,1
410,0.333946,135,3922,2012-02-14,0,0.50875,2,3787,1,0.319167,2,2,0.141179,1,1
209,0.7399,606,4390,2011-07-28,0,0.583333,7,3784,3,0.779167,1,4,0.178479,1,0
22,0.0790696,93,981,2011-01-22,0,0.4,1,888,1,0.0591304,1,6,0.17197,0,0
112,0.321954,177,1683,2011-04-22,0,0.729583,4,1506,2,0.336667,2,5,0.219521,1,0
437,0.459592,838,5298,2012-03-12,0,0.489167,3,4460,1,0.466667,1,1,0.207713,1,1
233,0.675525,1249,3873,2011-08-21,0,0.77,8,2624,3,0.710833,1,0,0.248754,0,0
663,0.558721,795,7693,2012-10-24,0,0.63625,10,6898,4,0.5875,1,3,0.0727792,1,1
459,0.461483,1348,6772,2012-04-03,0,0.396667,4,5424,2,0.466667,1,2,0.100133,1,1
217,0.656567,1023,4866,2011-08-05,0,0.630833,8,3843,3,0.710833,1,5,0.184696,1,0
726,0.220333,9,441,2012-12-26,0,0.823333,12,432,1,0.243333,3,3,0.316546,1,1
525,0.597862,1488,7736,2012-06-08,0,0.467917,6,6248,2,0.649167,1,5,0.175383,1,1
236,0.630692,949,5130,2011-08-24,0,0.605,8,4181,3,0.673333,1,3,0.253108,1,0
433,0.524604,486,5382,2012-03-08,0,0.5675,3,4896,1,0.5275,1,4,0.441563,1,1
408,0.101658,73,1529,2012-02-12,0,0.464583,2,1456,1,0.1275,1,0,0.409212,0,1
640,0.512,763,6778,2012-10-01,0,0.649167,10,6015,4,0.520833,2,1,0.0908042,1,1
721,0.301767,221,3623,2012-12-21,0,0.556667,12,3402,1,0.326667,2,5,0.374383,1,1
484,0.377504,1120,4220,2012-04-28,0,0.489583,4,3100,2,0.376667,2,6,0.129975,0,1
578,0.662896,968,7216,2012-07-31,0,0.704167,7,6248,3,0.713333,1,2,0.165425,1,1
385,0.220958,115,3163,2012-01-20,0,0.45,1,3048,1,0.2175,2,5,0.20275,1,1
421,0.255675,317,2732,2012-02-25,0,0.395833,2,2415,1,0.290833,1,6,0.421642,0,1
262,0.529675,691,4539,2011-09-19,0,0.69,9,3848,3,0.549167,2,1,0.151742,1,0
597,0.603554,1208,4549,2012-08-19,0,0.711667,8,3341,3,0.635833,2,0,0.08645,0,1
579,0.667308,1074,7580,2012-08-01,0,0.6775,8,6506,3,0.7175,1,3,0.141179,1,1
491,0.584608,2496,6883,2012-05-05,0,0.756667,5,4387,2,0.621667,2,6,0.152992,0,1
702,0.359208,892,4649,2012-12-02,0,0.823333,12,3757,4,0.3475,2,0,0.124379,0,1
602,0.6471,1325,7582,2012-08-24,0,0.615,8,6257,3,0.7025,2,5,0.0721458,1,1
98,0.324479,172,1471,2011-04-08,0,0.83625,4,1299,2,0.335833,2,5,0.226992,1,0
669,0.309909,87,1096,2012-10-30,0,0.825455,10,1009,4,0.318182,2,2,0.213009,1,1
686,0.347204,484,5698,2012-11-16,0,0.524583,11,5214,4,0.345,1,5,0.171025,1,1
224,0.654042,1051,4905,2011-08-12,0,0.415,8,3854,3,0.708333,1,5,0.125621,1,0
152,0.720967,513,3974,2011-06-01,0,0.677083,6,3461,2,0.764167,2,3,0.207092,1,0
495,0.553025,620,4717,2012-05-09,0,0.744167,5,4097,2,0.575,2,3,0.216412,1,1
135,0.536,1582,4553,2011-05-15,0,0.867083,5,2971,2,0.5625,2,0,0.152979,0,0
503,0.572613,1242,7384,2012-05-17,0,0.52,5,6142,2,0.593333,1,4,0.229475,1,1
302,0.227913,57,627,2011-10-29,0,0.8825,10,570,4,0.254167,3,6,0.351371,0,0
389,0.349108,439,4339,2012-01-24,0,0.835833,1,3900,1,0.3425,1,2,0.123767,1,1
404,0.266421,109,2802,2012-02-08,0,0.722917,2,2693,1,0.256667,2,3,0.133721,1,1
54,0.245717,139,1917,2011-02-23,0,0.423043,2,1778,1,0.221739,1,3,0.094113,1,0
658,0.537896,753,5424,2012-10-19,0,0.815,10,4671,4,0.563333,2,5,0.134954,1,1
75,0.36693,321,2192,2011-03-16,0,0.776522,3,1871,1,0.365217,2,3,0.203117,1,0
338,0.3491,634,3485,2011-12-04,0,0.775833,12,2851,4,0.330833,1,0,0.0839583,0,0
632,0.518933,2454,7907,2012-09-23,0,0.467083,9,5453,4,0.529167,1,0,0.223258,0,1
259,0.461475,742,4760,2011-09-16,0,0.590417,9,4018,3,0.469167,2,5,0.164183,1,0
541,0.674254,2551,6891,2012-06-24,0,0.479167,6,4340,3,0.743333,1,0,0.145525,0,1
287,0.529675,529,3644,2011-10-14,0,0.71625,10,3115,4,0.550833,2,5,0.223883,1,0
651,0.433071,1060,7282,2012-10-12,0,0.539167,10,6222,4,0.4375,1,5,0.235092,1,1
115,0.5745,773,4073,2011-04-25,0,0.776667,4,3300,2,0.606667,1,1,0.185333,1,0
271,0.575158,480,3907,2011-09-28,0,0.84875,9,3427,4,0.635,2,3,0.148629,1,0
453,0.47095,674,5698,2012-03-28,0,0.48125,3,5024,2,0.484167,1,3,0.291671,1,1
607,0.635733,1177,7697,2012-08-29,0,0.552083,8,6520,3,0.685,1,3,0.112562,1,1
256,0.603554,701,4763,2011-09-13,0,0.7125,9,4062,3,0.650833,1,2,0.141804,1,0
627,0.565067,371,4073,2012-09-18,0,0.8725,9,3702,3,0.623333,2,2,0.357587,1,1
617,0.611121,1557,5976,2012-09-08,0,0.799167,9,4419,3,0.659167,2,6,0.281104,0,1
203,0.840896,562,3387,2011-07-22,0,0.580417,7,2825,3,0.848333,1,5,0.1331,1,0
174,0.693833,746,4790,2011-06-23,0,0.703333,6,4044,3,0.728333,2,4,0.238804,1,0
279,0.480425,639,4765,2011-10-06,0,0.620833,10,4126,4,0.494167,1,4,0.134954,1,0
173,0.693829,661,4507,2011-06-22,0,0.7075,6,3846,3,0.733333,1,3,0.172262,1,0
183,0.667308,2204,5119,2011-07-02,0,0.444583,7,2915,3,0.738333,1,6,0.115062,0,0
58,0.351109,694,2402,2011-02-27,0,0.68,2,1708,1,0.343478,1,0,0.125248,0,0
260,0.478512,1434,4511,2011-09-17,0,0.718333,9,3077,3,0.491667,2,6,0.189675,0,0
509,0.584612,766,5260,2012-05-23,0,0.774583,5,4494,2,0.621667,2,3,0.102,1,1
186,0.696338,1031,4665,2011-07-05,0,0.590417,7,3634,3,0.746667,1,2,0.126258,1,0
555,0.790396,1203,4672,2012-07-08,0,0.57375,7,3469,3,0.8225,1,0,0.125629,0,1
515,0.672992,880,5743,2012-05-29,0,0.684583,5,4863,2,0.7225,1,2,0.2954,1,1
254,0.609229,1633,5046,2011-09-11,0,0.71375,9,3413,3,0.653333,1,0,0.115054,0,0
593,0.654037,1198,7347,2012-08-15,0,0.619583,8,6149,3,0.706667,1,3,0.169771,1,1
419,0.444446,516,5062,2012-02-23,0,0.554583,2,4546,1,0.454167,1,4,0.190913,1,1
518,0.607962,533,4127,2012-06-01,0,0.755417,6,3594,2,0.654167,2,5,0.237563,1,1
148,0.612379,2001,4758,2011-05-28,0,0.729583,5,2757,2,0.655833,1,6,0.230092,0,0
223,0.651521,812,4792,2011-08-11,0,0.42375,8,3980,3,0.7175,1,4,0.164796,1,0
603,0.618696,1829,6053,2012-08-25,0,0.712917,8,4224,3,0.661667,2,6,0.244408,0,1
86,0.250339,472,1693,2011-03-27,0,0.493913,3,1221,2,0.253043,2,0,0.1843,0,0
89,0.29735,168,1536,2011-03-30,0,0.646667,3,1368,2,0.3,2,3,0.172888,1,0
78,0.466525,1424,3117,2011-03-19,0,0.379167,3,1693,1,0.4725,1,6,0.368167,0,0
265,0.554963,555,4795,2011-09-22,0,0.902083,9,4240,3,0.628333,2,4,0.128125,1,0
216,0.664788,799,4576,2011-08-04,0,0.7575,8,3777,3,0.71,2,4,0.19715,1,0
243,0.611121,688,5058,2011-08-31,0,0.597917,8,4370,3,0.656667,1,3,0.0833333,1,0
462,0.390767,1807,6460,2012-04-06,0,0.377083,4,4653,2,0.403333,1,5,0.300388,1,1
189,0.670483,692,4040,2011-07-08,0,0.757917,7,3348,3,0.709167,2,5,0.225129,1,0
655,0.460846,922,7534,2012-10-16,0,0.558333,10,6612,4,0.468333,1,2,0.182221,1,1
107,0.445696,1558,3744,2011-04-17,0,0.479583,4,2186,2,0.456667,1,0,0.303496,0,0
149,0.61555,2355,4788,2011-05-29,0,0.81875,5,2433,2,0.6675,1,0,0.213938,0,0
27,0.2197,15,431,2011-01-27,0,0.6875,1,416,1,0.195,1,4,0.113837,1,0
550,0.70265,1052,6660,2012-07-03,0,0.492083,7,5608,3,0.780833,1,2,0.126237,1,1
141,0.571975,2258,5805,2011-05-21,0,0.626667,5,3547,2,0.6025,1,6,0.12065,0,0
575,0.697604,2234,6685,2012-07-28,0,0.613333,7,4451,3,0.755833,1,6,0.15735,0,1
412,0.330162,74,3005,2012-02-16,0,0.752917,2,2931,1,0.316667,2,4,0.091425,1,1
396,0.381317,324,4509,2012-01-31,0,0.416667,1,4185,1,0.39,1,2,0.261817,1,1
119,0.497463,878,4595,2011-04-29,0,0.457083,4,3717,2,0.51,1,5,0.240063,1,0
59,0.400118,81,1446,2011-02-28,0,0.876364,2,1365,1,0.407273,2,1,0.289686,1,0
296,0.422333,1619,4381,2011-10-23,0,0.74125,10,2762,4,0.421667,1,0,0.0995125,0,0
537,0.720975,872,6211,2012-06-20,0,0.592083,6,5339,2,0.7825,1,3,0.113812,1,1
529,0.597875,477,4972,2012-06-12,0,0.833333,6,4495,2,0.653333,2,2,0.214546,1,1
376,0.282821,92,2177,2012-01-11,0,0.8475,1,2085,1,0.274167,2,3,0.131221,1,1
590,0.644579,2182,6544,2012-08-12,0,0.530417,8,4362,3,0.700833,1,0,0.122512,0,1
289,0.503154,1748,5041,2011-10-16,0,0.486667,10,3293,4,0.511667,1,0,0.281717,0,0
20,0.25505,83,1927,2011-01-20,0,0.538333,1,1844,1,0.261667,2,4,0.195904,1,0
199,0.703925,841,4458,2011-07-18,0,0.65125,7,3617,3,0.746667,1,1,0.215804,1,0
427,0.359842,246,3194,2012-03-02,0,0.657083,3,2948,1,0.353333,2,5,0.144904,1,1
630,0.571971,1250,8167,2012-09-21,0,0.66875,9,6917,3,0.599167,1,5,0.154229,1,1
666,0.515133,2643,7852,2012-10-27,0,0.72,10,5209,4,0.53,2,6,0.235692,0,1
521,0.578283,1071,6998,2012-06-04,0,0.487083,6,5927,2,0.5975,1,1,0.284833,1,1
654,0.53915,760,5875,2012-10-15,0,0.7075,10,5115,4,0.561667,2,1,0.296037,1,1
195,0.635104,888,5084,2011-07-14,0,0.47625,7,4196,3,0.680833,1,4,0.240667,1,0
242,0.594704,775,5204,2011-08-30,0,0.548333,8,4429,3,0.639167,1,2,0.125008,1,0
633,0.502513,1001,7436,2012-09-24,0,0.492917,9,6435,4,0.514167,1,1,0.142404,1,1
337,0.310604,706,3614,2011-12-03,0,0.612917,12,2908,4,0.299167,1,6,0.0957833,0,0
200,0.747479,752,4541,2011-07-19,0,0.650417,7,3789,3,0.776667,1,2,0.1306,1,0
584,0.710246,1233,7013,2012-08-06,0,0.654167,8,5780,3,0.7525,2,1,0.129354,1,1
167,0.595346,545,3767,2011-06-16,0,0.688333,6,3222,2,0.628333,2,4,0.206471,1,0
240,0.647959,1415,4334,2011-08-28,0,0.561765,8,2919,3,0.707059,1,0,0.304659,0,0
190,0.664158,1988,5336,2011-07-09,0,0.609167,7,3348,3,0.733333,1,6,0.167912,0,0
333,0.451375,96,2914,2011-11-29,0,0.830833,11,2818,4,0.458333,2,2,0.258092,1,0
7,0.208839,148,1510,2011-01-07,0,0.498696,1,1362,1,0.196522,2,5,0.168726,1,0
226,0.624388,1338,3820,2011-08-14,0,0.8175,8,2482,3,0.676667,2,0,0.222633,0,0
636,0.607975,751,7393,2012-09-27,0,0.690833,9,6642,4,0.65,2,4,0.134342,1,1
532,0.599754,1563,7665,2012-06-15,0,0.589583,6,6102,2,0.639167,1,5,0.176617,1,1
613,0.686888,867,6864,2012-09-04,0,0.755,9,5997,3,0.725833,1,2,0.236321,1,1
690,0.380667,534,5634,2012-11-20,0,0.685,11,5100,4,0.374167,2,2,0.082725,1,1
566,0.714642,888,6591,2012-07-19,0,0.600417,7,5703,3,0.77,1,4,0.165429,1,1
488,0.537896,667,6169,2012-05-02,0,0.797083,5,5502,2,0.564167,1,3,0.138058,1,1
150,0.671092,1549,4098,2011-05-30,1,0.685,5,2549,2,0.733333,1,1,0.131225,0,0
413,0.351629,349,4154,2012-02-17,0,0.634583,2,3805,1,0.343333,1,5,0.205846,1,1
281,0.513242,2235,5409,2011-10-08,0,0.70125,10,3174,4,0.521667,1,6,0.0454042,0,0
85,0.257571,981,2496,2011-03-26,0,0.394167,3,1515,2,0.265833,1,6,0.209571,0,0
554,0.804913,1448,4840,2012-07-07,0,0.492083,7,3392,3,0.861667,1,6,0.163554,0,1
207,0.696979,750,4590,2011-07-26,0,0.540833,7,3840,3,0.771667,1,2,0.200258,1,0
100,0.426737,1188,2895,2011-04-10,0,0.8575,4,1707,2,0.426667,2,0,0.146767,0,0
502,0.595975,991,7424,2012-05-16,0,0.697917,5,6433,2,0.636667,1,3,0.122512,1,1
464,0.492425,2230,5169,2012-04-08,0,0.275833,4,2939,2,0.5,1,0,0.232596,0,1
295,0.425492,1499,4308,2011-10-22,0,0.629167,10,2809,4,0.4225,1,6,0.0926667,0,0
317,0.43055,1004,3717,2011-11-13,0,0.458333,11,2713,4,0.440833,1,0,0.281721,0,0
297,0.457067,699,4187,2011-10-24,0,0.772083,10,3488,4,0.463333,1,1,0.118792,1,0
131,0.5284,550,4182,2011-05-11,0,0.632917,5,3632,2,0.5425,1,3,0.120642,1,0
36,0.243058,100,1005,2011-02-05,0,0.929167,2,905,1,0.233333,2,6,0.161079,0,0
40,0.144283,53,1605,2011-02-09,0,0.494783,2,1552,1,0.134783,2,3,0.188839,1,0
679,0.355413,709,5992,2012-11-09,0,0.540833,11,5283,4,0.361667,1,5,0.214558,1,1
198,0.669833,2006,5302,2011-07-17,0,0.604167,7,3296,3,0.719167,1,0,0.245033,0,0
556,0.654054,998,6569,2012-07-09,0,0.683333,7,5571,3,0.710833,2,1,0.180975,1,1
347,0.301138,155,3523,2011-12-13,0,0.59,12,3368,4,0.2825,1,2,0.14055,1,0
68,0.286608,191,1891,2011-03-09,0,0.775417,3,1700,1,0.295833,2,3,0.22015,1,0
626,0.55305,1022,6869,2012-09-17,0,0.734583,9,5847,3,0.580833,2,1,0.151742,1,1
341,0.400246,50,705,2011-12-07,0,0.970417,12,655,4,0.41,3,3,0.266175,1,0
179,0.692558,732,4648,2011-06-28,0,0.634167,6,3916,3,0.744167,1,2,0.144283,1,0
307,0.405921,318,3974,2011-11-03,0,0.702083,11,3656,4,0.408333,1,4,0.136817,1,0
620,0.554292,1070,7767,2012-09-11,0,0.52,9,6697,3,0.5775,1,2,0.0920542,1,1
682,0.475383,1097,6269,2012-11-12,1,0.741667,11,5172,4,0.485,1,1,0.173517,0,1
445,0.538533,1051,6093,2012-03-20,0,0.807917,3,5042,1,0.560833,1,2,0.121271,1,1
193,0.739275,662,4258,2011-07-12,0,0.559167,7,3596,3,0.794167,1,2,0.200254,1,0
466,0.436233,819,5918,2012-04-10,0,0.435,4,5099,2,0.446667,1,2,0.249375,1,1
38,0.303658,120,1712,2011-02-07,0,0.738333,2,1592,1,0.271667,1,1,0.0454083,1,0
606,0.66605,935,7040,2012-08-28,0,0.62,8,6105,3,0.728333,1,2,0.190925,1,1
319,0.507579,449,4195,2011-11-15,0,0.68875,11,3746,4,0.53,2,2,0.199633,1,0
392,0.415383,269,3456,2012-01-27,0,0.74125,1,3187,1,0.425,2,5,0.342667,1,1
298,0.463375,695,4687,2011-10-25,0,0.622917,10,3992,4,0.471667,1,2,0.166658,1,0
187,0.685633,784,4629,2011-07-06,0,0.743333,7,3845,3,0.72,1,3,0.149883,1,0
668,0.4394,2,22,2012-10-29,0,0.88,10,20,4,0.44,3,1,0.3582,1,1
661,0.482942,830,7058,2012-10-22,0,0.568333,10,6228,4,0.4875,1,1,0.0814833,1,1
454,0.482304,834,6133,2012-03-29,0,0.439167,3,5299,2,0.494167,1,4,0.31965,1,1
291,0.522721,637,4748,2011-10-18,0,0.701667,10,4111,4,0.5325,2,2,0.110087,1,0
57,0.282192,424,1969,2011-02-26,0,0.537917,2,1545,1,0.2825,1,6,0.186571,0,0
696,0.339004,337,5087,2012-11-26,0,0.535417,11,4750,4,0.313333,1,1,0.04665,1,1
39,0.198246,64,1530,2011-02-08,0,0.537917,2,1466,1,0.220833,1,2,0.36195,1,0
400,0.272725,384,2832,2012-02-04,0,0.779583,2,2448,1,0.264167,2,6,0.121896,0,1
205,0.794829,1050,3606,2011-07-24,0,0.550833,7,2556,3,0.83,1,0,0.169171,0,0
306,0.390133,370,4186,2011-11-02,0,0.71875,11,3816,4,0.3775,1,3,0.0820917,1,0
519,0.566288,2795,8120,2012-06-02,0,0.549167,6,5325,2,0.583333,1,6,0.186562,0,1
6,0.233209,88,1606,2011-01-06,0,0.518261,1,1518,1,0.204348,1,4,0.0895652,1,0
684,0.281563,373,5495,2012-11-14,0,0.552083,11,5122,4,0.289167,1,3,0.199625,1,1
648,0.438112,601,6392,2012-10-09,0,0.761667,10,5791,4,0.446667,2,2,0.1903,1,1
609,0.6894,1433,7350,2012-08-31,0,0.5875,8,5917,3,0.764167,1,5,0.168533,1,1
71,0.32575,724,2132,2011-03-12,0,0.594583,3,1408,1,0.329167,1,6,0.220775,0,0
126,0.474117,894,4608,2011-05-06,0,0.59,5,3714,2,0.479167,1,5,0.228246,1,0
611,0.649,2613,5810,2012-09-02,0,0.815,9,3197,3,0.696667,2,0,0.0640708,0,1
387,0.16225,196,1977,2012-01-22,0,0.79625,1,1781,1,0.1625,2,0,0.199638,0,1
228,0.645837,721,4725,2011-08-16,0,0.578333,8,4004,3,0.700833,1,2,0.236329,1,0
728,0.255046,644,3095,2012-12-28,0,0.59,12,2451,1,0.253333,2,5,0.155471,1,1
208,0.690667,755,4656,2011-07-27,0,0.402917,7,3901,3,0.775,1,3,0.183463,1,0
156,0.616804,1685,4906,2011-06-05,0,0.6525,6,3221,2,0.648333,2,0,0.138692,0,0
522,0.525892,968,7001,2012-06-05,0,0.613333,6,6033,2,0.540833,2,2,0.209575,1,1
407,0.210867,192,2169,2012-02-11,0,0.73125,2,1977,1,0.224167,3,6,0.289796,0,1
231,0.633221,797,4153,2011-08-19,0,0.722917,8,3356,3,0.685,2,5,0.139308,1,0
81,0.440642,460,2703,2011-03-22,0,0.624583,3,2243,2,0.441667,1,2,0.22575,1,0
394,0.272721,558,3243,2012-01-29,0,0.31125,1,2685,1,0.2825,1,0,0.24005,0,1
227,0.616167,775,4338,2011-08-15,0,0.712083,8,3563,3,0.665833,1,1,0.208954,1,0
436,0.35967,1658,4911,2012-03-11,0,0.476957,3,3253,1,0.361739,1,0,0.222587,0,1
29,0.212126,123,1098,2011-01-29,0,0.651739,1,975,1,0.196522,1,6,0.145365,0,0
182,0.652162,1246,5362,2011-07-01,0,0.39625,7,4116,3,0.7225,1,5,0.102608,1,0
172,0.637646,774,4835,2011-06-21,0,0.770417,6,4061,3,0.680833,2,2,0.171025,1,0
511,0.627529,1417,6734,2012-05-25,0,0.747083,5,5317,2,0.68,1,5,0.14055,1,1
545,0.675512,921,6879,2012-06-28,0,0.4225,6,5958,3,0.749167,1,4,0.17165,1,1
300,0.457046,240,2659,2011-10-27,0,0.812917,10,2419,4,0.47,2,4,0.197763,1,0
64,0.378779,640,2077,2011-03-05,0,0.789167,3,1437,1,0.384167,2,6,0.251871,0,0
615,0.655329,611,6203,2012-09-06,0,0.810417,9,5592,3,0.696667,2,4,0.142421,1,1
563,0.724125,1088,6830,2012-07-16,0,0.645,7,5742,3,0.763333,1,1,0.164187,1,1
37,0.291671,354,1623,2011-02-06,0,0.568333,2,1269,1,0.285833,1,0,0.1418,0,0
290,0.510725,713,4570,2011-10-17,0,0.579583,10,3857,4,0.534167,1,1,0.175379,1,0
76,0.410333,424,2744,2011-03-17,0,0.602917,3,2320,1,0.415,1,4,0.209579,1,0
9,0.116175,54,822,2011-01-09,0,0.434167,1,768,1,0.138333,1,0,0.36195,0,0
494,0.557471,738,5728,2012-05-08,0,0.685833,5,4990,2,0.581667,2,2,0.296029,1,1
357,0.377513,163,2209,2011-12-23,0,0.68625,12,2046,1,0.373333,1,5,0.274246,1,0
442,0.505046,3155,7836,2012-03-17,0,0.755833,3,4681,1,0.514167,2,6,0.110704,0,1
524,0.569442,1038,7494,2012-06-07,0,0.567083,6,6456,2,0.6025,1,4,0.15735,1,1
558,0.650271,975,7264,2012-07-11,0,0.633333,7,6289,3,0.716667,1,3,0.151733,1,1
712,0.297338,310,5319,2012-12-12,0,0.538333,12,5009,4,0.2975,2,3,0.162937,1,1
405,0.261988,163,3830,2012-02-09,0,0.562083,2,3667,1,0.265,1,4,0.194037,1,1
312,0.412246,376,4205,2011-11-08,0,0.721667,11,3829,4,0.408333,1,2,0.0690375,1,0
621,0.570075,1050,7870,2012-09-12,0,0.577083,9,6820,3,0.599167,1,3,0.131846,1,1
388,0.243058,145,2432,2012-01-23,0,0.91125,1,2287,1,0.218333,2,1,0.110708,1,1
595,0.2424,1483,7148,2012-08-17,0,0.570833,8,5665,3,0.723333,1,5,0.231354,1,1
469,0.431808,1252,6398,2012-04-13,0,0.408333,4,5146,2,0.4425,1,5,0.155471,1,1
270,0.574525,477,4120,2011-09-27,0,0.885417,9,3643,4,0.636667,2,2,0.118171,1,0
384,0.190038,130,3292,2012-01-19,0,0.4975,1,3162,1,0.19,1,4,0.220158,1,1
598,0.595967,1026,6530,2012-08-20,0,0.734167,8,5504,3,0.635833,2,1,0.129979,1,1
625,0.563125,2166,7333,2012-09-16,0,0.57,9,5167,3,0.58,1,0,0.0901833,0,1
616,0.657204,1045,7504,2012-09-07,0,0.73625,9,6459,3,0.703333,1,5,0.171646,1,1
168,0.600383,863,4844,2011-06-17,0,0.735833,6,3981,2,0.649167,1,5,0.143029,1,0
585,0.697621,1278,7273,2012-08-07,0,0.70375,8,5995,3,0.735833,2,2,0.116908,1,1
676,0.281567,466,5686,2012-11-06,0,0.567083,11,5220,4,0.280833,1,2,0.173513,1,1
354,0.396454,216,3750,2011-12-20,0,0.595417,12,3534,4,0.385833,2,2,0.0615708,1,0
708,0.389508,1153,5582,2012-12-08,0,0.91125,12,4429,4,0.381667,2,6,0.101379,0,1
258,0.553671,428,3659,2011-09-15,0,0.709167,9,3231,3,0.5775,2,4,0.271146,1,0
349,0.412237,181,3709,2011-12-15,0,0.634167,12,3528,4,0.4225,2,4,0.268042,1,0
443,0.464,2207,5892,2012-03-18,0,0.81,3,3685,1,0.4725,2,0,0.126883,0,1
335,0.305554,182,3727,2011-12-01,0,0.524583,12,3545,4,0.3125,1,4,0.220158,1,0
230,0.662258,639,3805,2011-08-18,0,0.654583,8,3166,3,0.711667,1,4,0.233208,1,0
367,0.252304,244,1951,2012-01-02,1,0.381304,1,1707,1,0.273043,1,1,0.329665,0,1
703,0.455796,555,6234,2012-12-03,0,0.7675,12,5679,4,0.4525,1,1,0.0827208,1,1
14,0.188413,54,1421,2011-01-14,0,0.537826,1,1367,1,0.16087,1,5,0.126548,1,0
683,0.323225,327,4094,2012-11-13,0,0.662917,11,3767,4,0.343333,2,2,0.342046,1,1
180,0.654688,848,5225,2011-06-29,0,0.497917,6,4377,3,0.728333,1,3,0.261821,1,0
267,0.564412,1776,5423,2011-09-24,0,0.8625,9,3647,4,0.606667,2,6,0.0783833,0,0
342,0.256938,150,3322,2011-12-08,0,0.58,12,3172,4,0.265833,1,4,0.240058,1,0
457,0.417287,2347,6041,2012-04-01,0,0.67625,4,3694,2,0.425833,2,0,0.172267,0,1
108,0.503146,669,3429,2011-04-18,0,0.5425,4,2760,2,0.5125,1,1,0.163567,1,0
235,0.606067,1281,5895,2011-08-23,0,0.455417,8,4614,3,0.640833,1,2,0.146763,1,0
424,0.353525,229,4363,2012-02-28,0,0.395833,2,4134,1,0.359167,1,2,0.193417,1,1
704,0.469054,551,6606,2012-12-04,0,0.73375,12,6055,4,0.475833,1,2,0.174129,1,1
577,0.684987,1040,7105,2012-07-30,0,0.66875,7,6065,3,0.730833,1,1,0.153617,1,1
206,0.720958,568,3840,2011-07-25,0,0.757083,7,3272,3,0.743333,1,1,0.0908083,1,0
127,0.512621,1612,4714,2011-05-07,0,0.54125,5,3102,2,0.52,1,6,0.16045,0,0
171,0.595346,699,4010,2011-06-20,0,0.74625,6,3311,2,0.635,2,1,0.155475,1,0
339,0.393925,233,3811,2011-12-05,0,0.827083,12,3578,4,0.385833,2,1,0.0622083,1,0
699,0.298422,243,5323,2012-11-29,0,0.555652,11,5080,4,0.28087,1,4,0.115522,1,1
638,0.530296,2589,8555,2012-09-29,0,0.542917,9,5966,4,0.5425,1,6,0.227604,0,1
188,0.686871,754,4592,2011-07-07,0,0.65125,7,3838,3,0.75,1,4,0.1592,1,0
93,0.378767,1651,3249,2011-04-03,0,0.48,4,1598,2,0.378333,1,0,0.182213,0,0
418,0.392667,394,4773,2012-02-22,0,0.567917,2,4379,1,0.395833,1,3,0.234471,1,1
634,0.544179,845,7538,2012-09-25,0,0.57,9,6693,4,0.55,1,2,0.236321,1,1
326,0.421696,69,1607,2011-11-22,0,0.9625,11,1538,4,0.416667,3,2,0.118792,1,0
170,0.645846,1639,4744,2011-06-19,0,0.666667,6,3105,2,0.699167,2,0,0.102,0,0
406,0.293558,227,3831,2012-02-10,0,0.54,2,3604,1,0.280833,2,5,0.116929,1,1
513,0.641425,3283,6591,2012-05-27,0,0.697083,5,3308,2,0.69,1,0,0.215171,0,1
316,0.357942,1275,4067,2011-11-12,0,0.552917,11,2792,4,0.356667,1,6,0.212062,0,0
688,0.337746,922,4669,2012-11-18,0,0.692917,11,3747,4,0.3425,1,0,0.227612,0,1
560,0.667933,1511,7499,2012-07-13,0,0.485833,7,5988,3,0.731667,2,5,0.08085,1,1
713,0.294188,425,5532,2012-12-13,0,0.485833,12,5107,4,0.295833,1,4,0.174129,1,1
586,0.707717,1263,7534,2012-08-08,0,0.672917,8,6271,3,0.75,2,3,0.1107,1,1
56,0.350461,120,1461,2011-02-25,0,0.712174,2,1341,1,0.364348,2,5,0.346539,1,0
629,0.532192,939,7720,2012-09-20,0,0.618333,9,6781,3,0.546667,1,4,0.118167,1,1
386,0.174875,67,1301,2012-01-21,0,0.83125,1,1234,1,0.173333,2,6,0.222642,0,1
158,0.65595,763,4833,2011-06-07,0,0.597917,6,4070,2,0.7075,1,2,0.187808,1,0
348,0.338362,178,3740,2011-12-14,0,0.66375,12,3562,4,0.3175,2,3,0.0609583,1,0
142,0.5745,1576,4660,2011-05-22,0,0.749583,5,3084,2,0.604167,1,0,0.148008,0,0
510,0.6067,1059,6770,2012-05-24,0,0.716667,5,5711,2,0.655,1,4,0.172896,1,1
499,0.585238,2172,6118,2012-05-13,0,0.57625,5,3946,2,0.6125,1,0,0.225117,0,1
604,0.595996,1483,5255,2012-08-26,0,0.845833,8,3772,3,0.653333,2,0,0.228858,0,1
26,0.2036,34,506,2011-01-26,0,0.8625,1,472,1,0.2175,3,3,0.29385,1,0
276,0.392046,330,3570,2011-10-03,0,0.760833,10,3240,4,0.384167,2,1,0.0833458,1,0
591,0.662254,1207,6883,2012-08-13,0,0.545417,8,5676,3,0.720833,1,1,0.136212,1,1
21,0.157833,75,1543,2011-01-21,0,0.457083,1,1468,1,0.1775,1,5,0.353242,1,0
496,0.491783,1026,6572,2012-05-10,0,0.552083,5,5546,2,0.505833,1,4,0.314063,1,1
250,0.544229,118,1996,2011-09-07,0,0.917083,9,1878,3,0.599167,3,3,0.0970208,1,0
675,0.308075,378,5259,2012-11-05,0,0.494167,11,4881,4,0.319167,1,1,0.236325,1,1
175,0.656583,969,4991,2011-06-24,0,0.573333,6,4022,3,0.724167,1,5,0.222025,1,0
637,0.585863,1045,7415,2012-09-28,0,0.69,9,6370,4,0.619167,2,5,0.164179,1,1
109,0.489258,409,3204,2011-04-19,0,0.665833,4,2795,2,0.505833,2,2,0.157971,1,0
589,0.638267,2247,6299,2012-08-11,0,0.732917,8,4052,3,0.6925,2,6,0.206479,0,1
600,0.621854,1094,7375,2012-08-22,0,0.677083,8,6281,3,0.6675,1,3,0.0702833,1,1
569,0.623125,2544,7410,2012-07-22,0,0.7625,7,4866,3,0.6675,2,0,0.0939208,0,1
716,0.369938,538,3786,2012-12-16,0,0.83875,12,3248,4,0.3625,2,0,0.100742,0,1
17,0.176771,117,1000,2011-01-17,1,0.5375,1,883,1,0.175833,2,1,0.194017,0,0
104,0.462742,529,3267,2011-04-14,0,0.540417,4,2738,2,0.4675,1,4,0.1107,1,0
717,0.4015,212,4585,2012-12-17,0,0.907083,12,4373,4,0.393333,2,1,0.0982583,1,1
102,0.493054,257,2034,2011-04-12,0,0.739167,4,1777,2,0.5025,2,2,0.274879,1,0
305,0.397088,410,4068,2011-11-01,0,0.68375,11,3658,4,0.400833,1,2,0.135571,1,0
106,0.425492,121,795,2011-04-16,0,0.888333,4,674,2,0.430833,3,6,0.340808,0,0
687,0.326383,1313,5629,2012-11-17,0,0.545417,11,4316,4,0.325,1,6,0.179729,0,1
35,0.228587,88,1708,2011-02-04,0,0.585217,2,1620,1,0.211304,2,5,0.127839,1,0
482,0.483583,475,5026,2012-04-26,0,0.756667,4,4551,2,0.498333,2,4,0.176625,1,1
147,0.637008,871,4679,2011-05-27,0,0.65375,5,3808,2,0.681667,1,5,0.240679,1,0
284,0.546096,667,4563,2011-10-11,0,0.80875,10,3896,4,0.566667,2,2,0.143042,1,0
191,0.690025,1743,4881,2011-07-10,0,0.578333,7,3138,3,0.7475,1,0,0.183471,0,0
303,0.321329,885,3331,2011-10-30,0,0.62375,10,2446,4,0.319167,1,0,0.176617,0,0
435,0.277767,968,4118,2012-03-10,0,0.350417,3,3150,1,0.2875,1,6,0.22575,0,1
329,0.380671,1095,2792,2011-11-25,0,0.64375,11,1697,4,0.375,1,5,0.0988958,1,0
272,0.574512,653,4839,2011-09-29,0,0.699167,9,4186,4,0.616667,1,4,0.172883,1,0
31,0.18625,42,1501,2011-01-31,0,0.60375,1,1459,1,0.180833,2,1,0.187192,1,0
531,0.624383,1180,7363,2012-06-14,0,0.569583,6,6183,2,0.648333,1,4,0.253733,1,1
166,0.587754,769,5180,2011-06-15,0,0.471667,6,4411,2,0.626667,1,3,0.167912,1,0
614,0.708983,832,7112,2012-09-05,0,0.74125,9,6280,3,0.736667,1,3,0.187808,1,1
48,0.428658,259,2475,2011-02-17,0,0.505,2,2216,1,0.435833,1,4,0.230104,1,0
101,0.565217,855,3348,2011-04-11,0,0.716956,4,2493,2,0.595652,2,1,0.324474,1,0
299,0.472846,404,3894,2011-10-26,0,0.720417,10,3490,4,0.484167,2,3,0.148642,1,0
480,0.405283,518,5633,2012-04-24,0,0.454167,4,5115,2,0.413333,1,2,0.249383,1,1
470,0.487996,2795,7460,2012-04-14,0,0.502917,4,4665,2,0.495,1,6,0.190917,0,1
647,0.387608,874,5478,2012-10-08,1,0.709583,10,4604,4,0.383333,2,1,0.189679,0,1
401,0.264521,318,2947,2012-02-05,0,0.687917,2,2629,1,0.265833,2,0,0.175996,0,1
364,0.318812,491,2999,2011-12-30,0,0.636667,12,2508,1,0.311667,1,5,0.134337,1,0
292,0.513848,254,2424,2011-10-19,0,0.895217,10,2170,4,0.541739,3,3,0.243339,1,0
601,0.637008,1363,7765,2012-08-23,0,0.635833,8,6402,3,0.695833,1,4,0.0845958,1,1
92,0.315637,898,2252,2011-04-02,0,0.65375,4,1354,2,0.315,2,6,0.197146,0,0
542,0.654042,1139,6779,2012-06-25,0,0.504167,6,5640,3,0.715833,1,1,0.300383,1,1
644,0.580187,1516,8156,2012-10-05,0,0.6275,10,6640,4,0.615,1,5,0.10635,1,1
430,0.241171,203,3333,2012-03-05,0,0.50625,3,3130,1,0.243333,1,1,0.228858,1,1
581,0.722867,1328,7175,2012-08-03,0,0.6425,8,5847,3,0.765833,2,5,0.215792,1,1
163,0.643325,1467,4460,2011-06-12,0,0.747917,6,2993,2,0.6925,1,0,0.163567,0,0
709,0.390146,441,3228,2012-12-09,0,0.905417,12,2787,4,0.384167,2,0,0.157975,0,1
62,0.200133,123,1685,2011-03-03,0,0.318333,3,1562,1,0.198333,1,4,0.225754,1,0
573,0.739263,1036,6861,2012-07-26,0,0.596667,7,5825,3,0.776667,1,4,0.284813,1,1
487,0.577021,653,5740,2012-05-01,0,0.659583,5,5087,2,0.613333,2,2,0.156096,1,1
124,0.40465,255,2633,2011-05-04,0,0.737083,5,2378,2,0.414167,2,3,0.328996,1,0
568,0.549912,1264,4459,2012-07-21,0,0.865417,7,3195,3,0.595833,3,6,0.2133,0,1
318,0.524612,595,4486,2011-11-14,0,0.587083,11,3891,4,0.53,1,1,0.306596,1,0
138,0.527158,536,3855,2011-05-18,0,0.87,5,3319,2,0.55,2,3,0.201492,1,0
24,0.11793,86,1416,2011-01-24,0,0.491739,1,1330,1,0.0973913,1,1,0.15833,1,0
710,0.435575,329,5170,2012-12-10,0,0.925,12,4841,4,0.435833,2,1,0.190308,1,1
32,0.23453,47,1360,2011-02-01,0,0.829565,2,1313,1,0.192174,2,2,0.053213,1,0
164,0.601654,863,5020,2011-06-13,0,0.494583,6,4157,2,0.635,1,1,0.30535,1,0
41,0.149548,47,1538,2011-02-10,0,0.437391,2,1491,1,0.144348,1,4,0.221935,1,0
559,0.654683,1032,7446,2012-07-12,0,0.529583,7,6414,3,0.715833,1,4,0.146775,1,1
478,0.389504,120,1027,2012-04-22,0,0.835417,4,907,2,0.396667,3,0,0.344546,0,1
587,0.699508,1196,7286,2012-08-09,0,0.620417,8,6090,3,0.755833,1,4,0.1561,1,1
246,0.633213,1935,4484,2011-09-03,0,0.716667,9,2549,3,0.669167,1,6,0.185325,0,0
479,0.301125,195,3214,2012-04-23,0,0.766667,4,3019,2,0.321667,2,1,0.303496,1,1
694,0.248742,532,2277,2012-11-24,0,0.404583,11,1745,4,0.278333,1,6,0.376871,0,1
565,0.745583,799,5713,2012-07-18,0,0.577083,7,4914,3,0.793333,1,3,0.137442,1,1
516,0.611129,745,6855,2012-05-30,0,0.67,5,6110,2,0.656667,2,3,0.134329,1,1
635,0.596613,787,7733,2012-09-26,0,0.630833,9,6946,4,0.635,1,3,0.2444,1,1
643,0.607975,891,7328,2012-10-04,0,0.722917,10,6437,4,0.6575,2,4,0.117546,1,1
543,0.594704,1077,7442,2012-06-26,0,0.373333,6,6365,3,0.630833,1,2,0.347642,1,1
362,0.279974,255,2302,2011-12-28,0,0.503913,12,2047,1,0.29913,1,3,0.293961,1,0
65,0.366252,114,605,2011-03-06,0,0.948261,3,491,1,0.376522,2,0,0.343287,0,0
653,0.508204,2080,6639,2012-10-14,0,0.640417,10,4559,4,0.521667,1,0,0.278612,0,1
481,0.470317,655,6196,2012-04-25,0,0.427917,4,5541,2,0.476667,1,3,0.118792,1,1
714,0.294192,429,5611,2012-12-14,0,0.642917,12,5182,4,0.281667,1,5,0.131229,1,1
154,0.587133,898,5312,2011-06-03,0,0.354167,6,4414,2,0.62,1,5,0.253121,1,0
304,0.356063,362,3669,2011-10-31,0,0.703333,10,3307,4,0.34,1,1,0.10635,1,0
451,0.43875,795,5558,2012-03-26,0,0.477917,3,4763,2,0.445833,1,1,0.386821,1,1
393,0.326379,775,4023,2012-01-28,0,0.543333,1,3248,1,0.315833,1,6,0.210829,0,1
582,0.751267,2345,6824,2012-08-04,0,0.613333,8,4479,3,0.793333,1,6,0.257458,0,1
371,0.340267,307,4098,2012-01-06,0,0.542083,1,3791,1,0.334167,1,5,0.167908,1,1
561,0.666042,2355,6969,2012-07-14,0,0.699167,7,4614,3,0.703333,2,6,0.143679,0,1
448,0.570067,2469,8362,2012-03-23,0,0.694167,3,5893,2,0.601667,2,5,0.1163,1,1
672,0.356042,618,5847,2012-11-02,0,0.522083,11,5229,4,0.355,1,5,0.266175,1,1
97,0.433696,571,3141,2011-04-07,0,0.602917,4,2570,2,0.4375,1,4,0.162312,1,0
165,0.591546,727,4891,2011-06-14,0,0.507083,6,4164,2,0.604167,1,2,0.269283,1,0
576,0.667933,2153,6597,2012-07-29,0,0.62375,7,4444,3,0.721667,1,0,0.170396,0,1
562,0.705196,1920,6031,2012-07-15,0,0.717917,7,4111,3,0.745833,1,0,0.166667,0,1
301,0.318812,456,3747,2011-10-28,0,0.585833,10,3291,4,0.330833,2,5,0.229479,1,0
656,0.450108,979,7461,2012-10-17,0,0.692917,10,6482,4,0.455833,1,3,0.101371,1,1
192,0.729804,723,4086,2011-07-11,0,0.635833,7,3363,3,0.7625,1,1,0.282337,1,0
159,0.727279,676,4401,2011-06-08,0,0.622083,6,3725,2,0.775833,1,3,0.136817,1,0
574,0.734217,1259,6904,2012-07-27,0,0.594583,7,5645,3,0.781667,1,5,0.152992,1,1
285,0.517717,217,2416,2011-10-12,0,0.90625,10,2199,4,0.543333,3,3,0.24815,1,0
431,0.255042,221,3956,2012-03-06,0,0.456667,3,3735,1,0.258333,1,2,0.200875,1,1
517,0.631329,1100,7338,2012-05-31,0,0.492917,5,6238,2,0.68,1,4,0.195279,1,1
278,0.527138,559,4826,2011-10-05,0,0.647917,10,4267,4,0.538333,1,3,0.17725,1,0
680,0.393937,2090,6536,2012-11-10,0,0.645417,11,4446,4,0.389167,1,6,0.0578458,0,1
325,0.445062,220,2765,2011-11-21,0,0.91,11,2545,4,0.4475,3,1,0.138054,1,0
715,0.338383,767,5047,2012-12-15,0,0.650417,12,4280,4,0.324167,1,6,0.10635,0,1
540,0.652792,2657,7458,2012-06-23,0,0.534583,6,4801,3,0.731667,1,6,0.179721,0,1
133,0.4943,692,4105,2011-05-13,0,0.863333,5,3413,2,0.5125,2,5,0.179725,1,0
450,0.437488,1532,4996,2012-03-25,0,0.880833,3,3464,2,0.4375,2,0,0.220775,0,1
196,0.624371,1318,5538,2011-07-15,0,0.59125,7,4220,3,0.663333,1,5,0.182833,1,0
136,0.550512,773,3958,2011-05-16,0,0.787917,5,3185,2,0.5775,1,1,0.126871,1,0
239,0.635556,226,1115,2011-08-27,0,0.85,8,889,3,0.68,2,6,0.375617,0,0
489,0.537242,764,6421,2012-05-03,0,0.768333,5,5657,2,0.56,2,4,0.133696,1,1
353,0.280933,260,3403,2011-12-19,0,0.6375,12,3143,4,0.276667,1,1,0.172896,1,0
25,0.234526,186,1985,2011-01-25,0,0.616957,1,1799,1,0.223478,2,2,0.129796,1,0
181,0.637008,1027,5515,2011-06-30,0,0.434167,6,4488,3,0.696667,1,4,0.185312,1,0
66,0.238461,244,1872,2011-03-07,0,0.551304,3,1628,1,0.261739,1,1,0.341352,1,0
321,0.323221,139,3053,2011-11-17,0,0.575833,11,2914,4,0.341667,2,4,0.305362,1,0
34,0.177878,61,1550,2011-02-03,0,0.437826,2,1489,1,0.186957,1,4,0.277752,1,0
596,0.618071,2827,7865,2012-08-18,0,0.603333,8,5038,3,0.678333,1,6,0.177867,0,1
87,0.257574,222,2028,2011-03-28,0,0.302174,3,1806,2,0.264348,1,1,0.212204,1,0
202,0.826371,632,3784,2011-07-21,0,0.69125,7,3152,3,0.815,2,4,0.222021,1,0
722,0.236113,205,1749,2012-12-22,0,0.44125,12,1544,1,0.265833,1,6,0.407346,0,1
395,0.262625,126,3624,2012-01-30,0,0.400833,1,3498,1,0.269167,1,1,0.215792,1,1
426,0.475371,325,4990,2012-03-01,0,0.615417,3,4665,1,0.485833,1,4,0.226987,1,1
673,0.323846,1029,5138,2012-11-03,0,0.49125,11,4109,4,0.343333,2,6,0.270529,0,1
399,0.309346,310,4151,2012-02-03,0,0.526667,2,3841,1,0.313333,1,5,0.178496,1,1
70,0.305,247,1977,2011-03-11,0,0.649565,3,1730,1,0.316522,2,5,0.23297,1,0
700,0.323867,362,5668,2012-11-30,0,0.649583,11,5306,4,0.298333,1,5,0.0584708,1,1
628,0.540404,788,7591,2012-09-19,0,0.536667,9,6803,3,0.5525,1,3,0.215175,1,1
498,0.544817,2622,7429,2012-05-12,0,0.480417,5,4807,2,0.564167,1,6,0.123133,0,1
536,0.654692,968,6825,2012-06-19,0,0.69,6,5857,2,0.688333,1,2,0.148017,1,1
12,0.160473,25,1162,2011-01-12,0,0.599545,1,1137,1,0.172727,1,3,0.304627,1,0
90,0.257575,179,1685,2011-03-31,0,0.918333,3,1506,2,0.268333,3,4,0.217646,1,0
428,0.413492,956,4066,2012-03-03,0,0.62125,3,3110,1,0.414167,2,6,0.161079,0,1
77,0.527009,884,3239,2011-03-18,0,0.525217,3,2355,1,0.54,1,5,0.231017,1,0
425,0.34847,65,1834,2012-02-29,0,0.804783,2,1769,1,0.344348,2,3,0.179117,1,1
294,0.423596,676,4304,2011-10-21,0,0.574167,10,3628,4,0.4275,1,5,0.221396,1,0
564,0.755683,921,6786,2012-07-17,0,0.505833,7,5865,3,0.818333,1,2,0.114429,1,1
685,0.324492,320,5445,2012-11-15,0,0.620417,11,5125,4,0.321667,2,4,0.152987,1,1
350,0.359825,178,3577,2011-12-16,0,0.500417,12,3399,4,0.375,2,5,0.260575,1,0
383,0.275254,109,3376,2012-01-18,0,0.443333,1,3267,1,0.303333,1,3,0.415429,1,1
692,0.350371,955,2425,2012-11-22,1,0.580417,11,1470,4,0.34,1,4,0.0528708,0,1
526,0.648367,2708,7498,2012-06-09,0,0.437083,6,4790,2,0.710833,1,6,0.144287,0,1
162,0.678038,1729,4966,2011-06-11,0,0.654583,6,3237,2,0.725,1,6,0.15485,0,0
474,0.457038,347,4367,2012-04-18,0,0.569167,4,4020,2,0.463333,2,3,0.167912,1,1
422,0.268308,515,3389,2012-02-26,0,0.41,2,2874,1,0.279167,1,0,0.205229,0,1
681,0.421713,2290,6852,2012-11-11,0,0.659167,11,4562,4,0.420833,1,0,0.1275,0,1
238,0.659733,768,4661,2011-08-26,0,0.76125,8,3893,3,0.7,1,5,0.0839625,1,0
3,0.189405,120,1349,2011-01-03,0,0.437273,1,1229,1,0.196364,1,1,0.248309,1,0
161,0.703292,815,4586,2011-06-10,0,0.605,6,3771,2,0.755,1,5,0.140554,1,0
275,0.345317,616,2918,2011-10-02,0,0.791667,10,2302,4,0.356667,2,0,0.222013,0,0
641,0.542333,315,4639,2012-10-02,0,0.871667,10,4324,4,0.590833,3,2,0.104475,1,1
309,0.323854,1156,3926,2011-11-05,0,0.519167,11,2770,4,0.326667,1,6,0.189062,0,0
232,0.648996,1914,5191,2011-08-20,0,0.674167,8,3277,3,0.6975,1,6,0.104467,0,0
103,0.417283,209,2162,2011-04-13,0,0.819167,4,1953,2,0.4125,2,3,0.250617,1,0
